EMOBON_material_sample_id,EMOBON_observatory_id
EMO BON ESC68N Wa 210830 3um (1),ESC68N
EMO BON ESC68N Wa 210830 3um (2),ESC68N
EMO BON ESC68N Wa 210830 0.2um (1),ESC68N
EMO BON ESC68N Wa 210830 0.2um (2),ESC68N
EMOBON BPNS Wa 210701 3um (1),BPNS
EMOBON BPNS Wa 210701 3um (2),BPNS
EMOBON BPNS Wa 210701 0.2um (1),BPNS
EMOBON BPNS Wa 210701 0.2um (2),BPNS
EMOBON BPNS Wa 210825 3um (1),BPNS
EMOBON BPNS Wa 210825 3um (2),BPNS
EMOBON BPNS Wa 210825 0.2um (1),BPNS
EMOBON BPNS Wa 210825 0.2um (2),BPNS
EMO BON ROSKOGO Wa 210618 3um (1),ROSKOGO
EMO BON ROSKOGO Wa 210618 3um (2),ROSKOGO
EMO BON ROSKOGO Wa 210618 0.22um (1),ROSKOGO
EMO BON ROSKOGO Wa 210618 0.22um (2),ROSKOGO
EMO BON ROSKOGO Wa 210802 3um (1),ROSKOGO
EMO BON ROSKOGO Wa 210802 3um (2),ROSKOGO
EMO BON ROSKOGO Wa 210802 0.22um (1),ROSKOGO
EMO BON ROSKOGO Wa 210802 0.22um (2),ROSKOGO
EMO BON VB Wa 210621 3um (1),VB
EMO BON VB Wa 210621 3um (2),VB
EMO BON VB Wa 210621 0.2um (1),VB
EMO BON VB Wa 210621 0.2um (2),VB
EMO BON VB Wa 210823 3um (1),VB
EMO BON VB Wa 210823 3um (2),VB
EMO BON VB Wa 210823 0.2um (1),VB
EMO BON VB Wa 210823 0.2um (2),VB
EMO BON EMT21 Wa 210825 3um (1),EMT21
EMO BON EMT21 Wa 210825 3um (2),EMT21
EMO BON EMT21 Wa 210825 0.2um (1),EMT21
EMO BON EMT21 Wa 210825 0.2um (2),EMT21
EMO BON PiEGetxo Wa 210824 3um (1),PiEGetxo
EMO BON PiEGetxo Wa 210824 3um (2),PiEGetxo
EMO BON PiEGetxo Wa 210824 0.2um (1),PiEGetxo
EMO BON PiEGetxo Wa 210824 0.2um (2),PiEGetxo
EMO BON PiEGetxo Wa 210824 3um (blank),PiEGetxo
EMO BON PiEGetxo Wa 210824 0.2um (blank),PiEGetxo
EMO BON RFormosa Wa 210805 3um (1),Rformosa
EMO BON RFormosa Wa 210805 3um (2),Rformosa
EMO BON RFormosa Wa 210805 0.2um (1),Rformosa
EMO BON RFormosa Wa 210805 0.2um (2),Rformosa
EMOBON OSD74 Wa 310821 3um (1),OSD74
EMOBON OSD74 Wa 310821 0.2um (1),OSD74
EMOBON OSD74 Wa 310821 0.2um (2),OSD74
EMO BON AAOT Wa 210622 3um (1),AAOT
EMO BON AAOT Wa 210622 3um (2),AAOT
EMO BON AAOT Wa 210622 0.22um (1),AAOT
EMO BON AAOT Wa 210622 0.22um (2),AAOT
EMO BON AAOT Wa 210908 3um (1),AAOT
EMO BON AAOT Wa 210908 3um (2),AAOT
EMO BON AAOT Wa 210908 0.22um (1),AAOT
EMO BON AAOT Wa 210908 0.22um (2),AAOT
EMOBON NRMCB Wa 20210621 3um (1),NRMCB
EMOBON NRMCB Wa 20210621 3um (2),NRMCB
EMOBON NRMCB Wa 20210621 0.22um (1),NRMCB
EMOBON NRMCB Wa 20210621 0.22um (2),NRMCB
EMOBON NRMCB Wa 20210831 3um (1),NRMCB
EMOBON NRMCB Wa 20210831 3um (2),NRMCB
EMOBON NRMCB Wa 20210831 3um (blank),NRMCB
EMOBON NRMCB Wa 20210831 0.22um (1),NRMCB
EMOBON NRMCB Wa 20210831 0.22um (2),NRMCB
EMOBON NRMCB Wa 20210831 0.22um (blank),NRMCB
EMO BON HCMR-1 Wa 210628 3um (1),HCMR-1
EMO BON HCMR-1 Wa 210628 3um (2),HCMR-1
EMO BON HCMR-1 Wa 210628 0.2um (1),HCMR-1
EMO BON HCMR-1 Wa 210628 0.2um (2),HCMR-1
EMO BON HCMR-1 Wa 210917 3um (1),HCMR-1
EMO BON HCMR-1 Wa 210917 3um (2),HCMR-1
EMO BON HCMR-1 Wa 210917 3um (blank),HCMR-1
EMO BON HCMR-1 Wa 210917 0.2um (1),HCMR-1
EMO BON HCMR-1 Wa 210917 0.2um (2),HCMR-1
EMO BON HCMR-1 Wa 210917 0.2um (blank),HCMR-1
EMO BON IUIEilat1 Wa 210829 0.2um (1),IUIEilat1
EMO BON IUIEilat1 Wa 210829 0.2um (2),IUIEilat1
EMO BON IUIEilat1 Wa 210829 3um (1),IUIEilat1
EMO BON IUIEilat1 Wa 210829 3um (2),IUIEilat1
EMOBON BPNS So 210726 micro (1),BPNS
EMOBON BPNS So 210726 micro (2),BPNS
EMOBON BPNS So 210825 micro (2),BPNS
EMOBON BPNS So 210825 micro (3),BPNS
EMOBON ROSKOGO So 210826 micro (1),ROSKOGO
EMOBON ROSKOGO So 210826 micro (2),ROSKOGO
EMOBON OOB So 210818 micro (1),OOB
EMOBON OOB So 210818 micro (2),OOB
EMO BON RFormosa So 210805 micro (1),Rformosa
EMO BON RFormosa So 210805 micro (2),Rformosa
EMO BON NRMCB So 210621  (1),NRMCB
EMO BON NRMCB So 210621  (2),NRMCB
EMO BON NRMCB So 210831  (1),NRMCB
EMO BON NRMCB So 210831  (2),NRMCB
EMO BON NRMCB So 210831  (blank),NRMCB
