source_material_id,source_material_id_orig,ref_code_seq,ref_code,nucl_acid_ext,nucl_acid_amp,lib_reads_seqd,lib_layout,target_gene,target_subfragment,ampl_size,pcr_primers,mid,adapters,pcr_cond,seq_quality_check,seq_meth,dna_conc,dna_conc_method,dna_quantity_after_extraction,analysis,run,reads_name,mock_pr,mock_eu,source_mat_id_an,url_seq,sop_seq
EMOBON_BPNS_Wa_81,EMOBON_BPNS_Wa_220322_3um_1,DBB_AAHV,EMOBON00269,,metag,,paired,metag,metag,metag,metag,,,,basic Genoscope QC,Illumina NovaSeq 6000,6.246,,562.1,METAGENOMIC,,DBB_AAHVOSDA_2_HV3HNDSX7.UDI097,,,,,Prod_ILL_BqADN_NEBUII_151_v4
EMOBON_BPNS_Wa_82,EMOBON_BPNS_Wa_220322_3um_2,DBB_AAHW,EMOBON00270,,metag,,paired,metag,metag,metag,metag,,,,basic Genoscope QC,Illumina NovaSeq 6000,6.871,,618.4,METAGENOMIC,,DBB_AAHWOSDA_2_HV3HNDSX7.UDI109,,,,,Prod_ILL_BqADN_NEBUII_151_v4
EMOBON_BPNS_Wa_86,EMOBON_BPNS_Wa_220322_0.2um_1,DBB_AAHX,EMOBON00271,,metag,,paired,metag,metag,metag,metag,,,,basic Genoscope QC,Illumina NovaSeq 6000,2.234,,201.1,METAGENOMIC,,DBB_AAHXOSDA_3_H5YGKDSXC.UDI319,,,,,Prod_ILL_BqADN_NEBUII_151_v4
EMOBON_BPNS_Wa_87,EMOBON_BPNS_Wa_220322_0.2um_2,DBB_AAHY,EMOBON00272,,metag,,paired,metag,metag,metag,metag,,,,basic Genoscope QC,Illumina NovaSeq 6000,634,,57.1,METAGENOMIC,,DBB_AAHYOSDA_3_H5YGKDSXC.UDI292,,,,,Prod_ILL_BqADN_NEBUII_151_v4
EMOBON_BPNS_Wa_101,EMOBON_BPNS_Wa_220420_3um_1,,EMOBON00273,,metag,,paired,metag,metag,metag,metag,,,,basic Genoscope QC,Illumina NovaSeq 6000,103,,9.3,METAGENOMIC,,,,,,,Prod_ILL_BqADN_NEBUII_151_v4
EMOBON_BPNS_Wa_102,EMOBON_BPNS_Wa_220420_3um_2,,EMOBON00274,,metag,,paired,metag,metag,metag,metag,,,,basic Genoscope QC,Illumina NovaSeq 6000,101,,9.1,METAGENOMIC,,,,,,,Prod_ILL_BqADN_NEBUII_151_v4
EMOBON_BPNS_Wa_106,EMOBON_BPNS_Wa_220420_0.2um_1,,EMOBON00275,,metag,,paired,metag,metag,metag,metag,,,,basic Genoscope QC,Illumina NovaSeq 6000,91,,8.2,METAGENOMIC,,,,,,,Prod_ILL_BqADN_NEBUII_151_v4
EMOBON_BPNS_Wa_107,EMOBON_BPNS_Wa_220420_0.2um_2,,EMOBON00276,,metag,,paired,metag,metag,metag,metag,,,,basic Genoscope QC,Illumina NovaSeq 6000,0.09,,8.1,METAGENOMIC,,,,,,,Prod_ILL_BqADN_NEBUII_151_v4
EMOBON_BPNS_Wa_121,EMOBON_BPNS_Wa_220601_3um_1,DBB_AAID,EMOBON00277,,metag,,paired,metag,metag,metag,metag,,,,basic Genoscope QC,Illumina NovaSeq 6000,702,,63.2,METAGENOMIC,,DBB_AAIDOSDA_1_H5YH5DSXC.UDI293,,,,,Prod_ILL_BqADN_NEBUII_151_v4
EMOBON_BPNS_Wa_122,EMOBON_BPNS_Wa_220601_3um_2,DBB_AAIE,EMOBON00278,,metag,,paired,metag,metag,metag,metag,,,,basic Genoscope QC,Illumina NovaSeq 6000,1.013,,91.2,METAGENOMIC,,DBB_AAIEOSDA_1_H5YH5DSXC.UDI294,,,,,Prod_ILL_BqADN_NEBUII_151_v4
EMOBON_BPNS_Wa_126,EMOBON_BPNS_Wa_220601_0.2um_1,DBB_AAIF,EMOBON00279,,metag,,paired,metag,metag,metag,metag,,,,basic Genoscope QC,Illumina NovaSeq 6000,14.71,,1323.9,METAGENOMIC,,DBB_AAIFOSDA_1_HV3HNDSX7.UDI193,,,,,Prod_ILL_BqADN_NEBUII_151_v4
EMOBON_BPNS_Wa_127,EMOBON_BPNS_Wa_220601_0.2um_2,DBB_AAIG,EMOBON00280,,metag,,paired,metag,metag,metag,metag,,,,basic Genoscope QC,Illumina NovaSeq 6000,9.538,,858.4,METAGENOMIC,,DBB_AAIGOSDA_1_HV3HNDSX7.UDI205,,,,,Prod_ILL_BqADN_NEBUII_151_v4
EMOBON_BPNS_Wa_141,EMOBON_BPNS_Wa_220819_3um_1,,EMOBON00281,,metag,,paired,metag,metag,metag,metag,,,,basic Genoscope QC,Illumina NovaSeq 6000,119,,10.7,METAGENOMIC,,,,,,,Prod_ILL_BqADN_NEBUII_151_v4
EMOBON_BPNS_Wa_142,EMOBON_BPNS_Wa_220819_3um_2,,EMOBON00282,,metag,,paired,metag,metag,metag,metag,,,,basic Genoscope QC,Illumina NovaSeq 6000,108,,9.7,METAGENOMIC,,,,,,,Prod_ILL_BqADN_NEBUII_151_v4
EMOBON_BPNS_Wa_146,EMOBON_BPNS_Wa_220819_0.2um_1,,EMOBON00283,,metag,,paired,metag,metag,metag,metag,,,,basic Genoscope QC,Illumina NovaSeq 6000,128,,11.5,METAGENOMIC,,,,,,,Prod_ILL_BqADN_NEBUII_151_v4
EMOBON_BPNS_Wa_147,EMOBON_BPNS_Wa_220819_0.2um_2,,EMOBON00284,,metag,,paired,metag,metag,metag,metag,,,,basic Genoscope QC,Illumina NovaSeq 6000,116,,10.4,METAGENOMIC,,,,,,,Prod_ILL_BqADN_NEBUII_151_v4
EMOBON_BPNS_So_39,EMOBON_BPNS_So_220322_micro_1,DBH_AABM,EMOBON00285,,metag,,paired,metag,metag,metag,metag,,,,basic Genoscope QC,Illumina NovaSeq 6000,818,,72,METAGENOMIC,,DBH_AABMOSDA_2_HJWK3DSX7.UDI353,,,,,Prod_ILL_BqADN_NEBUII_151_v4
EMOBON_BPNS_So_40,EMOBON_BPNS_So_220322_micro_2,,EMOBON00286,,metag,,paired,metag,metag,metag,metag,,,,basic Genoscope QC,Illumina NovaSeq 6000,176,,15.5,METAGENOMIC,,,,,,,Prod_ILL_BqADN_NEBUII_151_v4
EMOBON_BPNS_So_45,EMOBON_BPNS_So_220420_micro_1,DBH_AABO,EMOBON00287,,metag,,paired,metag,metag,metag,metag,,,,basic Genoscope QC,Illumina NovaSeq 6000,2.18,,185.3,METAGENOMIC,,DBH_AABOOSDA_2_HJWK3DSX7.UDI349,,,,,Prod_ILL_BqADN_NEBUII_151_v4
EMOBON_BPNS_So_46,EMOBON_BPNS_So_220420_micro_2,DBH_AABP,EMOBON00288,,metag,,paired,metag,metag,metag,metag,,,,basic Genoscope QC,Illumina NovaSeq 6000,1.14,,96.9,METAGENOMIC,,DBH_AABPOSDA_2_HJWK3DSX7.UDI350,,,,,Prod_ILL_BqADN_NEBUII_151_v4
EMOBON_BPNS_So_61,EMOBON_BPNS_So_220601_micro_1,DBH_AABQ,EMOBON00289,,metag,,paired,metag,metag,metag,metag,,,,basic Genoscope QC,Illumina NovaSeq 6000,442,,38.5,METAGENOMIC,,DBH_AABQOSDA_2_HJWK3DSX7.UDI355,,,,,Prod_ILL_BqADN_NEBUII_151_v4
EMOBON_BPNS_So_62,EMOBON_BPNS_So_220601_micro_2,DBH_AABR,EMOBON00290,,metag,,paired,metag,metag,metag,metag,,,,basic Genoscope QC,Illumina NovaSeq 6000,478,,40.6,METAGENOMIC,,DBH_AABROSDA_2_HJWK3DSX7.UDI356,,,,,Prod_ILL_BqADN_NEBUII_151_v4
EMOBON_EMT21_Wa_46,EMOBON_EMT21_Wa_220225_3um_1,DBB_AAIL,EMOBON00291,,metag,,paired,metag,metag,metag,metag,,,,basic Genoscope QC,Illumina NovaSeq 6000,3.147,,283.2,METAGENOMIC,,DBB_AAILOSDA_2_HV3HNDSX7.UDI121,,,,,Prod_ILL_BqADN_NEBUII_151_v4
EMOBON_EMT21_Wa_47,EMOBON_EMT21_Wa_220225_3um_2,DBB_AAIM,EMOBON00292,,metag,,paired,metag,metag,metag,metag,,,,basic Genoscope QC,Illumina NovaSeq 6000,217,,19.5,METAGENOMIC,,DBB_AAIMOSDA_1_H5YH5DSXC.UDI295,,,,,Prod_ILL_BqADN_NEBUII_151_v4
EMOBON_EMT21_Wa_51,EMOBON_EMT21_Wa_220225_0.2um_1,DBB_AAIN,EMOBON00293,,metag,,paired,metag,metag,metag,metag,,,,basic Genoscope QC,Illumina NovaSeq 6000,5.741,,516.7,METAGENOMIC,,DBB_AAINOSDA_1_HV3HNDSX7.UDI217,,,,,Prod_ILL_BqADN_NEBUII_151_v4
EMOBON_EMT21_Wa_52,EMOBON_EMT21_Wa_220225_0.2um_2,DBB_AAIO,EMOBON00294,,metag,,paired,metag,metag,metag,metag,,,,basic Genoscope QC,Illumina NovaSeq 6000,3.083,,277.5,METAGENOMIC,,DBB_AAIOOSDA_3_H5YGKDSXC.UDI320,,,,,Prod_ILL_BqADN_NEBUII_151_v4
EMOBON_EMT21_Wa_61,EMOBON_EMT21_Wa_220420_3um_1,DBB_AAIP,EMOBON00295,,metag,,paired,metag,metag,metag,metag,,,,basic Genoscope QC,Illumina NovaSeq 6000,1.601,,144,METAGENOMIC,,DBB_AAIPOSDA_1_H5YH5DSXC.UDI321,,,,,Prod_ILL_BqADN_NEBUII_151_v4
EMOBON_EMT21_Wa_62,EMOBON_EMT21_Wa_220420_3um_2,DBB_AAIQ,EMOBON00296,,metag,,paired,metag,metag,metag,metag,,,,basic Genoscope QC,Illumina NovaSeq 6000,1.703,,153.2,METAGENOMIC,,DBB_AAIQOSDA_1_H5YH5DSXC.UDI322,,,,,Prod_ILL_BqADN_NEBUII_151_v4
EMOBON_EMT21_Wa_66,EMOBON_EMT21_Wa_220420_0.2um_1,DBB_AAIR,EMOBON00297,,metag,,paired,metag,metag,metag,metag,,,,basic Genoscope QC,Illumina NovaSeq 6000,12.93,,1163.7,METAGENOMIC,,DBB_AAIROSDA_1_HV3HNDSX7.UDI229,,,,,Prod_ILL_BqADN_NEBUII_151_v4
EMOBON_EMT21_Wa_67,EMOBON_EMT21_Wa_220420_0.2um_2,DBB_AAIS,EMOBON00298,,metag,,paired,metag,metag,metag,metag,,,,basic Genoscope QC,Illumina NovaSeq 6000,5.395,,485.5,METAGENOMIC,,DBB_AAISOSDA_1_HV3HNDSX7.UDI241,,,,,Prod_ILL_BqADN_NEBUII_151_v4
EMOBON_EMT21_Wa_91,EMOBON_EMT21_Wa_220824_3um_1,DBB_AAIT,EMOBON00299,,metag,,paired,metag,metag,metag,metag,,,,basic Genoscope QC,Illumina NovaSeq 6000,8.24,,741.6,METAGENOMIC,,DBB_AAITOSDA_2_HV3HNDSX7.UDI133,,,,,Prod_ILL_BqADN_NEBUII_151_v4
EMOBON_EMT21_Wa_92,EMOBON_EMT21_Wa_220824_3um_2,DBB_AAIU,EMOBON00300,,metag,,paired,metag,metag,metag,metag,,,,basic Genoscope QC,Illumina NovaSeq 6000,17.285,,1555.6,METAGENOMIC,,DBB_AAIUOSDA_2_HV3HNDSX7.UDI145,,,,,Prod_ILL_BqADN_NEBUII_151_v4
EMOBON_EMT21_Wa_96,EMOBON_EMT21_Wa_220824_0.2um_1,DBB_AAIV,EMOBON00301,,metag,,paired,metag,metag,metag,metag,,,,basic Genoscope QC,Illumina NovaSeq 6000,22.23,,2000.7,METAGENOMIC,,DBB_AAIVOSDA_1_HV3HNDSX7.UDI253,,,,,Prod_ILL_BqADN_NEBUII_151_v4
EMOBON_EMT21_Wa_97,EMOBON_EMT21_Wa_220824_0.2um_2,DBB_AAIW,EMOBON00302,,metag,,paired,metag,metag,metag,metag,,,,basic Genoscope QC,Illumina NovaSeq 6000,10.89,,980.1,METAGENOMIC,,DBB_AAIWOSDA_1_HV3HNDSX7.UDI265,,,,,Prod_ILL_BqADN_NEBUII_151_v4
EMOBON_MBAL4_Wa_21,EMOBON_MBAL4_Wa_220301_3um_1,DBB_AAIX,EMOBON00303,,metag,,paired,metag,metag,metag,metag,,,,basic Genoscope QC,Illumina NovaSeq 6000,2.302,,207.2,METAGENOMIC,,DBB_AAIXOSDA_1_H5YH5DSXC.UDI328,,,,,Prod_ILL_BqADN_NEBUII_151_v4
EMOBON_MBAL4_Wa_22,EMOBON_MBAL4_Wa_220301_3um_2,DBB_AAIY,EMOBON00304,,metag,,paired,metag,metag,metag,metag,,,,basic Genoscope QC,Illumina NovaSeq 6000,807,,72.7,METAGENOMIC,,DBB_AAIYOSDA_1_H5YH5DSXC.UDI296,,,,,Prod_ILL_BqADN_NEBUII_151_v4
EMOBON_MBAL4_Wa_23,EMOBON_MBAL4_Wa_220301_0.2um_1,DBB_AAIZ,EMOBON00305,,metag,,paired,metag,metag,metag,metag,,,,basic Genoscope QC,Illumina NovaSeq 6000,58.5,,5265,METAGENOMIC,,DBB_AAIZOSDA_1_HV3HNDSX7.UDI277,,,,,Prod_ILL_BqADN_NEBUII_151_v4
EMOBON_MBAL4_Wa_24,EMOBON_MBAL4_Wa_220301_0.2um_2,DBB_AAJA,EMOBON00306,,metag,,paired,metag,metag,metag,metag,,,,basic Genoscope QC,Illumina NovaSeq 6000,44.4,,3996,METAGENOMIC,,DBB_AAJAOSDA_1_HV3HNDSX7.UDI194,,,,,Prod_ILL_BqADN_NEBUII_151_v4
EMOBON_MBAL4_Wa_31,EMOBON_MBAL4_Wa_220427_3um_1,DBB_AAJB,EMOBON00307,,metag,,paired,metag,metag,metag,metag,,,,basic Genoscope QC,Illumina NovaSeq 6000,8.436,,759.3,METAGENOMIC,,DBB_AAJBOSDA_2_HV3HNDSX7.UDI157,,,,,Prod_ILL_BqADN_NEBUII_151_v4
EMOBON_MBAL4_Wa_32,EMOBON_MBAL4_Wa_220427_3um_2,DBB_AAJC,EMOBON00308,,metag,,paired,metag,metag,metag,metag,,,,basic Genoscope QC,Illumina NovaSeq 6000,4.396,,395.6,METAGENOMIC,,DBB_AAJCOSDA_2_HV3HNDSX7.UDI169,,,,,Prod_ILL_BqADN_NEBUII_151_v4
EMOBON_MBAL4_Wa_33,EMOBON_MBAL4_Wa_220427_0.2um_1,DBB_AAJD,EMOBON00309,,metag,,paired,metag,metag,metag,metag,,,,basic Genoscope QC,Illumina NovaSeq 6000,83.5,,7515,METAGENOMIC,,DBB_AAJDOSDA_1_HV3HNDSX7.UDI206,,,,,Prod_ILL_BqADN_NEBUII_151_v4
EMOBON_MBAL4_Wa_34,EMOBON_MBAL4_Wa_220427_0.2um_2,DBB_AAJE,EMOBON00310,,metag,,paired,metag,metag,metag,metag,,,,basic Genoscope QC,Illumina NovaSeq 6000,60,,5400,METAGENOMIC,,DBB_AAJEOSDA_1_HV3HNDSX7.UDI218,,,,,Prod_ILL_BqADN_NEBUII_151_v4
EMOBON_MBAL4_Wa_39,EMOBON_MBAL4_Wa_220427_3um_blank,,EMOBON00311,,metag,,paired,metag,metag,metag,metag,,,,basic Genoscope QC,Illumina NovaSeq 6000,,,,METAGENOMIC,,,,,,,Prod_ILL_BqADN_NEBUII_151_v4
EMOBON_MBAL4_Wa_40,EMOBON_MBAL4_Wa_220427_0.2um_blank,,EMOBON00312,,metag,,paired,metag,metag,metag,metag,,,,basic Genoscope QC,Illumina NovaSeq 6000,,,,METAGENOMIC,,,,,,,Prod_ILL_BqADN_NEBUII_151_v4
EMOBON_MBAL4_Wa_41,EMOBON_MBAL4_Wa_220616_3um_1,DBB_AAJF,EMOBON00313,,metag,,paired,metag,metag,metag,metag,,,,basic Genoscope QC,Illumina NovaSeq 6000,14.065,,1265.9,METAGENOMIC,,DBB_AAJFOSDA_2_HV3HNDSX7.UDI181,,,,,Prod_ILL_BqADN_NEBUII_151_v4
EMOBON_MBAL4_Wa_42,EMOBON_MBAL4_Wa_220616_3um_2,DBB_AAJG,EMOBON00314,,metag,,paired,metag,metag,metag,metag,,,,basic Genoscope QC,Illumina NovaSeq 6000,21.25,,1912.5,METAGENOMIC,,DBB_AAJGOSDA_2_HV3HNDSX7.UDI098,,,,,Prod_ILL_BqADN_NEBUII_151_v4
EMOBON_MBAL4_Wa_43,EMOBON_MBAL4_Wa_220616_0.2um_1,DBB_AAJH,EMOBON00315,,metag,,paired,metag,metag,metag,metag,,,,basic Genoscope QC,Illumina NovaSeq 6000,72,,6480,METAGENOMIC,,DBB_AAJHOSDA_1_HV3HNDSX7.UDI230,,,,,Prod_ILL_BqADN_NEBUII_151_v4
EMOBON_MBAL4_Wa_44,EMOBON_MBAL4_Wa_220616_0.2um_2,DBB_AAJI,EMOBON00316,,metag,,paired,metag,metag,metag,metag,,,,basic Genoscope QC,Illumina NovaSeq 6000,57.5,,5175,METAGENOMIC,,DBB_AAJIOSDA_1_HV3HNDSX7.UDI242,,,,,Prod_ILL_BqADN_NEBUII_151_v4
EMOBON_MBAL4_Wa_51,EMOBON_MBAL4_Wa_220912_3um_1,DBB_AAJJ,EMOBON00317,,metag,,paired,metag,metag,metag,metag,,,,basic Genoscope QC,Illumina NovaSeq 6000,26.64,,2397.6,METAGENOMIC,,DBB_AAJJOSDA_2_HV3HNDSX7.UDI110,,,,,Prod_ILL_BqADN_NEBUII_151_v4
EMOBON_MBAL4_Wa_52,EMOBON_MBAL4_Wa_220912_3um_2,DBB_AAJK,EMOBON00318,,metag,,paired,metag,metag,metag,metag,,,,basic Genoscope QC,Illumina NovaSeq 6000,28.85,,2596.5,METAGENOMIC,,DBB_AAJKOSDA_2_HV3HNDSX7.UDI122,,,,,Prod_ILL_BqADN_NEBUII_151_v4
EMOBON_MBAL4_Wa_53,EMOBON_MBAL4_Wa_220912_0.2um_1,DBB_AAJL,EMOBON00319,,metag,,paired,metag,metag,metag,metag,,,,basic Genoscope QC,Illumina NovaSeq 6000,51,,4590,METAGENOMIC,,DBB_AAJLOSDA_1_HV3HNDSX7.UDI254,,,,,Prod_ILL_BqADN_NEBUII_151_v4
EMOBON_MBAL4_Wa_54,EMOBON_MBAL4_Wa_220912_0.2um_2,DBB_AAJM,EMOBON00320,,metag,,paired,metag,metag,metag,metag,,,,basic Genoscope QC,Illumina NovaSeq 6000,47.8,,4302,METAGENOMIC,,DBB_AAJMOSDA_1_HV3HNDSX7.UDI266,,,,,Prod_ILL_BqADN_NEBUII_151_v4
EMOBON_AAOT_Wa_81,EMOBON_AAOT_Wa_220214_3um_1,DBB_AAJN,EMOBON00321,,metag,,paired,metag,metag,metag,metag,,,,basic Genoscope QC,Illumina NovaSeq 6000,1.311,,118,METAGENOMIC,,DBB_AAJNOSDA_1_H5YH5DSXC.UDI329,,,,,Prod_ILL_BqADN_NEBUII_151_v4
EMOBON_AAOT_Wa_82,EMOBON_AAOT_Wa_220214_3um_2,DBB_AAJO,EMOBON00322,,metag,,paired,metag,metag,metag,metag,,,,basic Genoscope QC,Illumina NovaSeq 6000,1.77,,159.3,METAGENOMIC,,DBB_AAJOOSDA_1_H5YH5DSXC.UDI330,,,,,Prod_ILL_BqADN_NEBUII_151_v4
EMOBON_AAOT_Wa_86,EMOBON_AAOT_Wa_220214_0.2um_1,DBB_AAJP,EMOBON00323,,metag,,paired,metag,metag,metag,metag,,,,basic Genoscope QC,Illumina NovaSeq 6000,3.954,,355.9,METAGENOMIC,,DBB_AAJPOSDA_3_H5YGKDSXC.UDI331,,,,,Prod_ILL_BqADN_NEBUII_151_v4
EMOBON_AAOT_Wa_87,EMOBON_AAOT_Wa_220214_0.2um_2,DBB_AAJQ,EMOBON00324,,metag,,paired,metag,metag,metag,metag,,,,basic Genoscope QC,Illumina NovaSeq 6000,4.054,,364.8,METAGENOMIC,,DBB_AAJQOSDA_3_H5YGKDSXC.UDI332,,,,,Prod_ILL_BqADN_NEBUII_151_v4
EMOBON_AAOT_Wa_101,EMOBON_AAOT_Wa_220411_3um_1,DBB_AAJR,EMOBON00325,,metag,,paired,metag,metag,metag,metag,,,,basic Genoscope QC,Illumina NovaSeq 6000,2.753,,247.8,METAGENOMIC,,DBB_AAJROSDA_2_HV3HNDSX7.UDI134,,,,,Prod_ILL_BqADN_NEBUII_151_v4
EMOBON_AAOT_Wa_102,EMOBON_AAOT_Wa_220411_3um_2,DBB_AAJS,EMOBON00326,,metag,,paired,metag,metag,metag,metag,,,,basic Genoscope QC,Illumina NovaSeq 6000,1.877,,168.9,METAGENOMIC,,DBB_AAJSOSDA_1_H5YH5DSXC.UDI333,,,,,Prod_ILL_BqADN_NEBUII_151_v4
EMOBON_AAOT_Wa_106,EMOBON_AAOT_Wa_220411_0.2um_1,DBB_AAJT,EMOBON00327,,metag,,paired,metag,metag,metag,metag,,,,basic Genoscope QC,Illumina NovaSeq 6000,4.496,,404.6,METAGENOMIC,,DBB_AAJTOSDA_1_HV3HNDSX7.UDI278,,,,,Prod_ILL_BqADN_NEBUII_151_v4
EMOBON_AAOT_Wa_107,EMOBON_AAOT_Wa_220411_0.2um_2,,EMOBON00328,,metag,,paired,metag,metag,metag,metag,,,,basic Genoscope QC,Illumina NovaSeq 6000,,,,METAGENOMIC,,,,,,,Prod_ILL_BqADN_NEBUII_151_v4
EMOBON_AAOT_Wa_121,EMOBON_AAOT_Wa_220613_3um_1,DBB_AAJV,EMOBON00329,,metag,,paired,metag,metag,metag,metag,,,,basic Genoscope QC,Illumina NovaSeq 6000,751,,67.6,METAGENOMIC,,DBB_AAJVOSDA_1_H5YH5DSXC.UDI297,,,,,Prod_ILL_BqADN_NEBUII_151_v4
EMOBON_AAOT_Wa_122,EMOBON_AAOT_Wa_220613_3um_2,DBB_AAJW,EMOBON00330,,metag,,paired,metag,metag,metag,metag,,,,basic Genoscope QC,Illumina NovaSeq 6000,4.379,,394.1,METAGENOMIC,,DBB_AAJWOSDA_2_HV3HNDSX7.UDI146,,,,,Prod_ILL_BqADN_NEBUII_151_v4
EMOBON_AAOT_Wa_126,EMOBON_AAOT_Wa_220613_0.2um_1,DBB_AAJX,EMOBON00331,,metag,,paired,metag,metag,metag,metag,,,,basic Genoscope QC,Illumina NovaSeq 6000,8.814,,793.2,METAGENOMIC,,DBB_AAJXOSDA_1_HV3HNDSX7.UDI195,,,,,Prod_ILL_BqADN_NEBUII_151_v4
EMOBON_AAOT_Wa_127,EMOBON_AAOT_Wa_220613_0.2um_2,DBB_AAJY,EMOBON00332,,metag,,paired,metag,metag,metag,metag,,,,basic Genoscope QC,Illumina NovaSeq 6000,4.057,,365.1,METAGENOMIC,,DBB_AAJYOSDA_1_HV3HNDSX7.UDI207,,,,,Prod_ILL_BqADN_NEBUII_151_v4
EMOBON_AAOT_Wa_141,EMOBON_AAOT_Wa_220804_3um_1,DBB_AAJZ,EMOBON00333,,metag,,paired,metag,metag,metag,metag,,,,basic Genoscope QC,Illumina NovaSeq 6000,1.532,,137.8,METAGENOMIC,,DBB_AAJZOSDA_1_H5YH5DSXC.UDI334,,,,,Prod_ILL_BqADN_NEBUII_151_v4
EMOBON_AAOT_Wa_142,EMOBON_AAOT_Wa_220804_3um_2,DBB_AAKA,EMOBON00334,,metag,,paired,metag,metag,metag,metag,,,,basic Genoscope QC,Illumina NovaSeq 6000,4.037,,363.3,METAGENOMIC,,DBB_AAKAOSDA_2_HV3HNDSX7.UDI158,,,,,Prod_ILL_BqADN_NEBUII_151_v4
EMOBON_AAOT_Wa_146,EMOBON_AAOT_Wa_220804_0.2um_1,DBB_AAKB,EMOBON00335,,metag,,paired,metag,metag,metag,metag,,,,basic Genoscope QC,Illumina NovaSeq 6000,6.826,,614.3,METAGENOMIC,,DBB_AAKBOSDA_1_HV3HNDSX7.UDI219,,,,,Prod_ILL_BqADN_NEBUII_151_v4
EMOBON_AAOT_Wa_147,EMOBON_AAOT_Wa_220804_0.2um_2,DBB_AAKC,EMOBON00336,,metag,,paired,metag,metag,metag,metag,,,,basic Genoscope QC,Illumina NovaSeq 6000,5.604,,504.4,METAGENOMIC,,DBB_AAKCOSDA_1_HV3HNDSX7.UDI231,,,,,Prod_ILL_BqADN_NEBUII_151_v4
EMOBON_VB_Wa_189,EMOBON_VB_Wa_220221_3um_1,DBB_AAKD,EMOBON00337,,metag,,paired,metag,metag,metag,metag,,,,basic Genoscope QC,Illumina NovaSeq 6000,649,,58.4,METAGENOMIC,,DBB_AAKDOSDA_1_H5YH5DSXC.UDI298,,,,,Prod_ILL_BqADN_NEBUII_151_v4
EMOBON_VB_Wa_190,EMOBON_VB_Wa_220221_3um_2,DBB_AAKE,EMOBON00338,,metag,,paired,metag,metag,metag,metag,,,,basic Genoscope QC,Illumina NovaSeq 6000,569,,51.2,METAGENOMIC,,DBB_AAKEOSDA_1_H5YH5DSXC.UDI299,,,,,Prod_ILL_BqADN_NEBUII_151_v4
EMOBON_VB_Wa_192,EMOBON_VB_Wa_220221_0.2um_1,DBB_AAKF,EMOBON00339,,metag,,paired,metag,metag,metag,metag,,,,basic Genoscope QC,Illumina NovaSeq 6000,14.995,,1349.6,METAGENOMIC,,DBB_AAKFOSDA_1_HV3HNDSX7.UDI243,,,,,Prod_ILL_BqADN_NEBUII_151_v4
EMOBON_VB_Wa_193,EMOBON_VB_Wa_220221_0.2um_2,DBB_AAKG,EMOBON00340,,metag,,paired,metag,metag,metag,metag,,,,basic Genoscope QC,Illumina NovaSeq 6000,3.811,,343,METAGENOMIC,,DBB_AAKGOSDA_3_H5YGKDSXC.UDI335,,,,,Prod_ILL_BqADN_NEBUII_151_v4
EMOBON_VB_Wa_236,EMOBON_VB_Wa_220419_3um_1,DBB_AAKH,EMOBON00341,,metag,,paired,metag,metag,metag,metag,,,,basic Genoscope QC,Illumina NovaSeq 6000,0.4,,36,METAGENOMIC,,DBB_AAKHOSDA_1_H5YH5DSXC.UDI304,,,,,Prod_ILL_BqADN_NEBUII_151_v4
EMOBON_VB_Wa_237,EMOBON_VB_Wa_220419_3um_2,DBB_AAKI,EMOBON00342,,metag,,paired,metag,metag,metag,metag,,,,basic Genoscope QC,Illumina NovaSeq 6000,698,,62.9,METAGENOMIC,,DBB_AAKIOSDA_1_H5YH5DSXC.UDI305,,,,,Prod_ILL_BqADN_NEBUII_151_v4
EMOBON_VB_Wa_239,EMOBON_VB_Wa_220419_0.2um_1,DBB_AAKJ,EMOBON00343,,metag,,paired,metag,metag,metag,metag,,,,basic Genoscope QC,Illumina NovaSeq 6000,26.525,,2387.3,METAGENOMIC,,DBB_AAKJOSDA_1_HV3HNDSX7.UDI255,,,,,Prod_ILL_BqADN_NEBUII_151_v4
EMOBON_VB_Wa_240,EMOBON_VB_Wa_220419_0.2um_2,DBB_AAKK,EMOBON00344,,metag,,paired,metag,metag,metag,metag,,,,basic Genoscope QC,Illumina NovaSeq 6000,55.5,,4995,METAGENOMIC,,DBB_AAKKOSDA_1_HV3HNDSX7.UDI267,,,,,Prod_ILL_BqADN_NEBUII_151_v4
EMOBON_VB_Wa_288,EMOBON_VB_Wa_220614_3um_1,DBB_AAKL,EMOBON00345,,metag,,paired,metag,metag,metag,metag,,,,basic Genoscope QC,Illumina NovaSeq 6000,729,,65.6,METAGENOMIC,,DBB_AAKLOSDA_1_H5YH5DSXC.UDI306,,,,,Prod_ILL_BqADN_NEBUII_151_v4
EMOBON_VB_Wa_289,EMOBON_VB_Wa_220614_3um_2,DBB_AAKM,EMOBON00346,,metag,,paired,metag,metag,metag,metag,,,,basic Genoscope QC,Illumina NovaSeq 6000,1.029,,92.6,METAGENOMIC,,DBB_AAKMOSDA_1_H5YH5DSXC.UDI307,,,,,Prod_ILL_BqADN_NEBUII_151_v4
EMOBON_VB_Wa_291,EMOBON_VB_Wa_220614_0.2um_1,DBB_AAKN,EMOBON00347,,metag,,paired,metag,metag,metag,metag,,,,basic Genoscope QC,Illumina NovaSeq 6000,11.585,,1042.7,METAGENOMIC,,DBB_AAKNOSDA_1_HV3HNDSX7.UDI279,,,,,Prod_ILL_BqADN_NEBUII_151_v4
EMOBON_VB_Wa_292,EMOBON_VB_Wa_220614_0.2um_2,DBB_AAKO,EMOBON00348,,metag,,paired,metag,metag,metag,metag,,,,basic Genoscope QC,Illumina NovaSeq 6000,7.674,,690.7,METAGENOMIC,,DBB_AAKOOSDA_1_HV3HNDSX7.UDI196,,,,,Prod_ILL_BqADN_NEBUII_151_v4
EMOBON_VB_Wa_340,EMOBON_VB_Wa_220823_3um_1,DBB_AAKP,EMOBON00349,,metag,,paired,metag,metag,metag,metag,,,,basic Genoscope QC,Illumina NovaSeq 6000,905,,81.5,METAGENOMIC,,DBB_AAKPOSDA_1_H5YH5DSXC.UDI308,,,,,Prod_ILL_BqADN_NEBUII_151_v4
EMOBON_VB_Wa_341,EMOBON_VB_Wa_220823_3um_2,DBB_AAKQ,EMOBON00350,,metag,,paired,metag,metag,metag,metag,,,,basic Genoscope QC,Illumina NovaSeq 6000,2.067,,186,METAGENOMIC,,DBB_AAKQOSDA_1_H5YH5DSXC.UDI340,,,,,Prod_ILL_BqADN_NEBUII_151_v4
EMOBON_VB_Wa_343,EMOBON_VB_Wa_220823_0.2um_1,DBB_AAKR,EMOBON00351,,metag,,paired,metag,metag,metag,metag,,,,basic Genoscope QC,Illumina NovaSeq 6000,1.982,,178.3,METAGENOMIC,,DBB_AAKROSDA_3_H5YGKDSXC.UDI341,,,,,Prod_ILL_BqADN_NEBUII_151_v4
EMOBON_VB_Wa_344,EMOBON_VB_Wa_220823_0.2um_2,DBB_AAKS,EMOBON00352,,metag,,paired,metag,metag,metag,metag,,,,basic Genoscope QC,Illumina NovaSeq 6000,6.958,,626.2,METAGENOMIC,,DBB_AAKSOSDA_1_HV3HNDSX7.UDI208,,,,,Prod_ILL_BqADN_NEBUII_151_v4
EMOBON_ROSKOGO_Wa_43,EMOBON_ROSKOGO_Wa_220210_3um_1,DBB_AAKT,EMOBON00353,,metag,,paired,metag,metag,metag,metag,,,,basic Genoscope QC,Illumina NovaSeq 6000,4.702,,423.2,METAGENOMIC,,DBB_AAKTOSDA_2_HV3HNDSX7.UDI170,,,,,Prod_ILL_BqADN_NEBUII_151_v4
EMOBON_ROSKOGO_Wa_44,EMOBON_ROSKOGO_Wa_220210_3um_2,DBB_AAKU,EMOBON00354,,metag,,paired,metag,metag,metag,metag,,,,basic Genoscope QC,Illumina NovaSeq 6000,3.625,,326.3,METAGENOMIC,,DBB_AAKUOSDA_2_HV3HNDSX7.UDI182,,,,,Prod_ILL_BqADN_NEBUII_151_v4
EMOBON_ROSKOGO_Wa_47,EMOBON_ROSKOGO_Wa_220210_0.2um_1,DBB_AAKV,EMOBON00355,,metag,,paired,metag,metag,metag,metag,,,,basic Genoscope QC,Illumina NovaSeq 6000,9.01,,883,METAGENOMIC,,DBB_AAKVOSDA_1_HV3HNDSX7.UDI220,,,,,Prod_ILL_BqADN_NEBUII_151_v4
EMOBON_ROSKOGO_Wa_48,EMOBON_ROSKOGO_Wa_220210_0.2um_2,DBB_AAKW,EMOBON00356,,metag,,paired,metag,metag,metag,metag,,,,basic Genoscope QC,Illumina NovaSeq 6000,17.3,,1695.4,METAGENOMIC,,DBB_AAKWOSDA_1_HV3HNDSX7.UDI232,,,,,Prod_ILL_BqADN_NEBUII_151_v4
EMOBON_ROSKOGO_Wa_53,EMOBON_ROSKOGO_Wa_220425_3um_1,DBB_AAKX,EMOBON00357,,metag,,paired,metag,metag,metag,metag,,,,basic Genoscope QC,Illumina NovaSeq 6000,7.76,,760.5,METAGENOMIC,,DBB_AAKXOSDA_2_HV3HNDSX7.UDI099,,,,,Prod_ILL_BqADN_NEBUII_151_v4
EMOBON_ROSKOGO_Wa_54,EMOBON_ROSKOGO_Wa_220425_3um_2,DBB_AAKY,EMOBON00358,,metag,,paired,metag,metag,metag,metag,,,,basic Genoscope QC,Illumina NovaSeq 6000,10.02,,982,METAGENOMIC,,DBB_AAKYOSDA_2_HV3HNDSX7.UDI111,,,,,Prod_ILL_BqADN_NEBUII_151_v4
EMOBON_ROSKOGO_Wa_57,EMOBON_ROSKOGO_Wa_220425_0.2um_1,DBB_AAKZ,EMOBON00359,,metag,,paired,metag,metag,metag,metag,,,,basic Genoscope QC,Illumina NovaSeq 6000,16.7,,1636.6,METAGENOMIC,,DBB_AAKZOSDA_1_HV3HNDSX7.UDI244,,,,,Prod_ILL_BqADN_NEBUII_151_v4
EMOBON_ROSKOGO_Wa_58,EMOBON_ROSKOGO_Wa_220425_0.2um_2,DBB_AALA,EMOBON00360,,metag,,paired,metag,metag,metag,metag,,,,basic Genoscope QC,Illumina NovaSeq 6000,22,,2156,METAGENOMIC,,DBB_AALAOSDA_1_HV3HNDSX7.UDI256,,,,,Prod_ILL_BqADN_NEBUII_151_v4
EMOBON_ROSKOGO_Wa_63,EMOBON_ROSKOGO_Wa_220607_3um_1,DBB_AALB,EMOBON00361,,metag,,paired,metag,metag,metag,metag,,,,basic Genoscope QC,Illumina NovaSeq 6000,19.75,,1935.5,METAGENOMIC,,DBB_AALBOSDA_2_HV3HNDSX7.UDI123,,,,,Prod_ILL_BqADN_NEBUII_151_v4
EMOBON_ROSKOGO_Wa_64,EMOBON_ROSKOGO_Wa_220607_3um_2,DBB_AALC,EMOBON00362,,metag,,paired,metag,metag,metag,metag,,,,basic Genoscope QC,Illumina NovaSeq 6000,1.485,,145.5,METAGENOMIC,,DBB_AALCOSDA_1_H5YH5DSXC.UDI342,,,,,Prod_ILL_BqADN_NEBUII_151_v4
EMOBON_ROSKOGO_Wa_67,EMOBON_ROSKOGO_Wa_220607_0.2um_1,DBB_AALD,EMOBON00363,,metag,,paired,metag,metag,metag,metag,,,,basic Genoscope QC,Illumina NovaSeq 6000,9.21,,902.6,METAGENOMIC,,DBB_AALDOSDA_1_HV3HNDSX7.UDI268,,,,,Prod_ILL_BqADN_NEBUII_151_v4
EMOBON_ROSKOGO_Wa_68,EMOBON_ROSKOGO_Wa_220607_0.2um_2,DBB_AALE,EMOBON00364,,metag,,paired,metag,metag,metag,metag,,,,basic Genoscope QC,Illumina NovaSeq 6000,33.3,,3263.4,METAGENOMIC,,DBB_AALEOSDA_1_HV3HNDSX7.UDI280,,,,,Prod_ILL_BqADN_NEBUII_151_v4
EMOBON_ROSKOGO_Wa_73,EMOBON_ROSKOGO_Wa_220805_3um_1,DBB_AALF,EMOBON00365,,metag,,paired,metag,metag,metag,metag,,,,basic Genoscope QC,Illumina NovaSeq 6000,8.55,,837.9,METAGENOMIC,,DBB_AALFOSDA_2_HV3HNDSX7.UDI135,,,,,Prod_ILL_BqADN_NEBUII_151_v4
EMOBON_ROSKOGO_Wa_74,EMOBON_ROSKOGO_Wa_220805_3um_2,DBB_AALG,EMOBON00366,,metag,,paired,metag,metag,metag,metag,,,,basic Genoscope QC,Illumina NovaSeq 6000,11.05,,1082.9,METAGENOMIC,,DBB_AALGOSDA_2_HV3HNDSX7.UDI147,,,,,Prod_ILL_BqADN_NEBUII_151_v4
EMOBON_ROSKOGO_Wa_77,EMOBON_ROSKOGO_Wa_220805_0.2um_1,DBB_AALH,EMOBON00367,,metag,,paired,metag,metag,metag,metag,,,,basic Genoscope QC,Illumina NovaSeq 6000,37.5,,3337.5,METAGENOMIC,,DBB_AALHOSDA_1_HV3HNDSX7.UDI197,,,,,Prod_ILL_BqADN_NEBUII_151_v4
EMOBON_ROSKOGO_Wa_78,EMOBON_ROSKOGO_Wa_220805_0.2um_2,DBB_AALI,EMOBON00368,,metag,,paired,metag,metag,metag,metag,,,,basic Genoscope QC,Illumina NovaSeq 6000,40.5,,3888,METAGENOMIC,,DBB_AALIOSDA_1_HV3HNDSX7.UDI209,,,,,Prod_ILL_BqADN_NEBUII_151_v4
EMOBON_ROSKOGO_So_26,EMOBON_ROSKOGO_So_220303_micro_1,DBH_AABS,EMOBON00369,,metag,,paired,metag,metag,metag,metag,,,,basic Genoscope QC,Illumina NovaSeq 6000,24.1,,2048.5,METAGENOMIC,,DBH_AABSOSDA_2_HJWK3DSX7.UDI001,,,,,Prod_ILL_BqADN_NEBUII_151_v4
EMOBON_ROSKOGO_So_27,EMOBON_ROSKOGO_So_220303_micro_2,DBH_AABU,EMOBON00370,,metag,,paired,metag,metag,metag,metag,,,,basic Genoscope QC,Illumina NovaSeq 6000,17.1,,1504.8,METAGENOMIC,,DBH_AABUOSDA_2_HJWK3DSX7.UDI025,,,,,Prod_ILL_BqADN_NEBUII_151_v4
EMOBON_ROSKOGO_So_35,EMOBON_ROSKOGO_So_220425_micro_1,DBH_AABV,EMOBON00371,,metag,,paired,metag,metag,metag,metag,,,,basic Genoscope QC,Illumina NovaSeq 6000,4.38,,385.4,METAGENOMIC,,DBH_AABVOSDA_2_HJWK3DSX7.UDI037,,,,,Prod_ILL_BqADN_NEBUII_151_v4
EMOBON_ROSKOGO_So_36,EMOBON_ROSKOGO_So_220425_micro_2,DBH_AABW,EMOBON00372,,metag,,paired,metag,metag,metag,metag,,,,basic Genoscope QC,Illumina NovaSeq 6000,20.35,,1526.3,METAGENOMIC,,DBH_AABWOSDA_2_HJWK3DSX7.UDI049,,,,,Prod_ILL_BqADN_NEBUII_151_v4
EMOBON_ROSKOGO_So_44,EMOBON_ROSKOGO_So_220623_micro_1,DBH_AABT,EMOBON00373,,metag,,paired,metag,metag,metag,metag,,,,basic Genoscope QC,Illumina NovaSeq 6000,10.55,,907.3,METAGENOMIC,,DBH_AABTOSDA_2_HJWK3DSX7.UDI013,,,,,Prod_ILL_BqADN_NEBUII_151_v4
EMOBON_ROSKOGO_So_45,EMOBON_ROSKOGO_So_220623_micro_2,DBH_AABX,EMOBON00374,,metag,,paired,metag,metag,metag,metag,,,,basic Genoscope QC,Illumina NovaSeq 6000,21.9,,1817.7,METAGENOMIC,,DBH_AABXOSDA_2_HJWK3DSX7.UDI061,,,,,Prod_ILL_BqADN_NEBUII_151_v4
EMOBON_ESC68N_Wa_31,EMOBON_ESC68N_Wa_220209_3um_1,,EMOBON00375,,metag,,paired,metag,metag,metag,metag,,,,basic Genoscope QC,Illumina NovaSeq 6000,,,,METAGENOMIC,,,,,,,Prod_ILL_BqADN_NEBUII_151_v4
EMOBON_ESC68N_Wa_32,EMOBON_ESC68N_Wa_220209_3um_2,,EMOBON00376,,metag,,paired,metag,metag,metag,metag,,,,basic Genoscope QC,Illumina NovaSeq 6000,,,,METAGENOMIC,,,,,,,Prod_ILL_BqADN_NEBUII_151_v4
EMOBON_ESC68N_Wa_33,EMOBON_ESC68N_Wa_220209_0.2um_1,,EMOBON00377,,metag,,paired,metag,metag,metag,metag,,,,basic Genoscope QC,Illumina NovaSeq 6000,,,,METAGENOMIC,,,,,,,Prod_ILL_BqADN_NEBUII_151_v4
EMOBON_ESC68N_Wa_34,EMOBON_ESC68N_Wa_220209_0.2um_2,,EMOBON00378,,metag,,paired,metag,metag,metag,metag,,,,basic Genoscope QC,Illumina NovaSeq 6000,,,,METAGENOMIC,,,,,,,Prod_ILL_BqADN_NEBUII_151_v4
EMOBON_ESC68N_Wa_41,EMOBON_ESC68N_Wa_220505_3um_1,,EMOBON00379,,metag,,paired,metag,metag,metag,metag,,,,basic Genoscope QC,Illumina NovaSeq 6000,,,,METAGENOMIC,,,,,,,Prod_ILL_BqADN_NEBUII_151_v4
EMOBON_ESC68N_Wa_42,EMOBON_ESC68N_Wa_220505_3um_2,,EMOBON00380,,metag,,paired,metag,metag,metag,metag,,,,basic Genoscope QC,Illumina NovaSeq 6000,,,,METAGENOMIC,,,,,,,Prod_ILL_BqADN_NEBUII_151_v4
EMOBON_ESC68N_Wa_43,EMOBON_ESC68N_Wa_220505_0.2um_1,,EMOBON00381,,metag,,paired,metag,metag,metag,metag,,,,basic Genoscope QC,Illumina NovaSeq 6000,,,,METAGENOMIC,,,,,,,Prod_ILL_BqADN_NEBUII_151_v4
EMOBON_ESC68N_Wa_44,EMOBON_ESC68N_Wa_220505_0.2um_2,,EMOBON00382,,metag,,paired,metag,metag,metag,metag,,,,basic Genoscope QC,Illumina NovaSeq 6000,,,,METAGENOMIC,,,,,,,Prod_ILL_BqADN_NEBUII_151_v4
EMOBON_ESC68N_Wa_51,EMOBON_ESC68N_Wa_220614_3um_1,,EMOBON00383,,metag,,paired,metag,metag,metag,metag,,,,basic Genoscope QC,Illumina NovaSeq 6000,,,,METAGENOMIC,,,,,,,Prod_ILL_BqADN_NEBUII_151_v4
EMOBON_ESC68N_Wa_52,EMOBON_ESC68N_Wa_220614_3um_2,,EMOBON00384,,metag,,paired,metag,metag,metag,metag,,,,basic Genoscope QC,Illumina NovaSeq 6000,,,,METAGENOMIC,,,,,,,Prod_ILL_BqADN_NEBUII_151_v4
EMOBON_ESC68N_Wa_53,EMOBON_ESC68N_Wa_220614_0.2um_1,,EMOBON00385,,metag,,paired,metag,metag,metag,metag,,,,basic Genoscope QC,Illumina NovaSeq 6000,,,,METAGENOMIC,,,,,,,Prod_ILL_BqADN_NEBUII_151_v4
EMOBON_ESC68N_Wa_54,EMOBON_ESC68N_Wa_220614_0.2um_2,,EMOBON00386,,metag,,paired,metag,metag,metag,metag,,,,basic Genoscope QC,Illumina NovaSeq 6000,,,,METAGENOMIC,,,,,,,Prod_ILL_BqADN_NEBUII_151_v4
EMOBON_ESC68N_Wa_61,EMOBON_ESC68N_Wa_220824_3um_1,DBB_AALV,EMOBON00387,,metag,,paired,metag,metag,metag,metag,,,,basic Genoscope QC,Illumina NovaSeq 6000,1.41,,138.2,METAGENOMIC,,DBB_AALVOSDA_1_H5YH5DSXC.UDI343,,,,,Prod_ILL_BqADN_NEBUII_151_v4
EMOBON_ESC68N_Wa_62,EMOBON_ESC68N_Wa_220824_3um_2,DBB_AALW,EMOBON00388,,metag,,paired,metag,metag,metag,metag,,,,basic Genoscope QC,Illumina NovaSeq 6000,7.6,,744.8,METAGENOMIC,,DBB_AALWOSDA_2_HV3HNDSX7.UDI159,,,,,Prod_ILL_BqADN_NEBUII_151_v4
EMOBON_ESC68N_Wa_63,EMOBON_ESC68N_Wa_220824_0.2um_1,DBB_AALX,EMOBON00389,,metag,,paired,metag,metag,metag,metag,,,,basic Genoscope QC,Illumina NovaSeq 6000,9.57,,937.9,METAGENOMIC,,DBB_AALXOSDA_1_HV3HNDSX7.UDI221,,,,,Prod_ILL_BqADN_NEBUII_151_v4
EMOBON_ESC68N_Wa_64,EMOBON_ESC68N_Wa_220824_0.2um_2,DBB_AALY,EMOBON00390,,metag,,paired,metag,metag,metag,metag,,,,basic Genoscope QC,Illumina NovaSeq 6000,12.9,,1264.2,METAGENOMIC,,DBB_AALYOSDA_1_HV3HNDSX7.UDI233,,,,,Prod_ILL_BqADN_NEBUII_151_v4
EMOBON_PiEGetxo_Wa_60,EMOBON_PiEGetxo_Wa_220221_3um_1,DBB_AALZ,EMOBON00391,,metag,,paired,metag,metag,metag,metag,,,,basic Genoscope QC,Illumina NovaSeq 6000,9.92,,972.2,METAGENOMIC,,DBB_AALZOSDA_2_HV3HNDSX7.UDI171,,,,,Prod_ILL_BqADN_NEBUII_151_v4
EMOBON_PiEGetxo_Wa_61,EMOBON_PiEGetxo_Wa_220221_3um_2,DBB_AAMA,EMOBON00392,,metag,,paired,metag,metag,metag,metag,,,,basic Genoscope QC,Illumina NovaSeq 6000,14.05,,1376.9,METAGENOMIC,,DBB_AAMAOSDA_2_HV3HNDSX7.UDI183,,,,,Prod_ILL_BqADN_NEBUII_151_v4
EMOBON_PiEGetxo_Wa_62,EMOBON_PiEGetxo_Wa_220221_0.2um_1,DBB_AAMB,EMOBON00393,,metag,,paired,metag,metag,metag,metag,,,,basic Genoscope QC,Illumina NovaSeq 6000,11.1,,1087.8,METAGENOMIC,,DBB_AAMBOSDA_1_HV3HNDSX7.UDI245,,,,,Prod_ILL_BqADN_NEBUII_151_v4
EMOBON_PiEGetxo_Wa_63,EMOBON_PiEGetxo_Wa_220221_0.2um_2,DBB_AAMC,EMOBON00394,,metag,,paired,metag,metag,metag,metag,,,,basic Genoscope QC,Illumina NovaSeq 6000,11.2,,1097.6,METAGENOMIC,,DBB_AAMCOSDA_1_HV3HNDSX7.UDI257,,,,,Prod_ILL_BqADN_NEBUII_151_v4
EMOBON_PiEGetxo_Wa_72,EMOBON_PiEGetxo_Wa_220425_3um_1,DBB_AAMD,EMOBON00395,,metag,,paired,metag,metag,metag,metag,,,,basic Genoscope QC,Illumina NovaSeq 6000,17.8,,1744.4,METAGENOMIC,,DBB_AAMDOSDA_2_HV3HNDSX7.UDI100,,,,,Prod_ILL_BqADN_NEBUII_151_v4
EMOBON_PiEGetxo_Wa_73,EMOBON_PiEGetxo_Wa_220425_3um_2,DBB_AAME,EMOBON00396,,metag,,paired,metag,metag,metag,metag,,,,basic Genoscope QC,Illumina NovaSeq 6000,15.75,,1543.5,METAGENOMIC,,DBB_AAMEOSDA_2_HV3HNDSX7.UDI112,,,,,Prod_ILL_BqADN_NEBUII_151_v4
EMOBON_PiEGetxo_Wa_74,EMOBON_PiEGetxo_Wa_220425_0.2um_1,DBB_AAMF,EMOBON00397,,metag,,paired,metag,metag,metag,metag,,,,basic Genoscope QC,Illumina NovaSeq 6000,1.78,,170.9,METAGENOMIC,,DBB_AAMFOSDA_3_H5YGKDSXC.UDI344,,,,,Prod_ILL_BqADN_NEBUII_151_v4
EMOBON_PiEGetxo_Wa_75,EMOBON_PiEGetxo_Wa_220425_0.2um_2,DBB_AAMG,EMOBON00398,,metag,,paired,metag,metag,metag,metag,,,,basic Genoscope QC,Illumina NovaSeq 6000,2.84,,281.2,METAGENOMIC,,DBB_AAMGOSDA_3_H5YGKDSXC.UDI345,,,,,Prod_ILL_BqADN_NEBUII_151_v4
EMOBON_PiEGetxo_Wa_76,EMOBON_PiEGetxo_Wa_220425_3um_blank,,EMOBON00399,,metag,,paired,metag,metag,metag,metag,,,,basic Genoscope QC,Illumina NovaSeq 6000,,,,METAGENOMIC,,,,,,,Prod_ILL_BqADN_NEBUII_151_v4
EMOBON_PiEGetxo_Wa_77,EMOBON_PiEGetxo_Wa_220425_0.2um_blank,,EMOBON00400,,metag,,paired,metag,metag,metag,metag,,,,basic Genoscope QC,Illumina NovaSeq 6000,,,,METAGENOMIC,,,,,,,Prod_ILL_BqADN_NEBUII_151_v4
EMOBON_PiEGetxo_Wa_84,EMOBON_PiEGetxo_Wa_220622_3um_1,DBB_AAMH,EMOBON00401,,metag,,paired,metag,metag,metag,metag,,,,basic Genoscope QC,Illumina NovaSeq 6000,59.4,,5346,METAGENOMIC,,DBB_AAMHOSDA_2_HV3HNDSX7.UDI124,,,,,Prod_ILL_BqADN_NEBUII_151_v4
EMOBON_PiEGetxo_Wa_85,EMOBON_PiEGetxo_Wa_220622_3um_2,DBB_AAMI,EMOBON00402,,metag,,paired,metag,metag,metag,metag,,,,basic Genoscope QC,Illumina NovaSeq 6000,59.2,,5328,METAGENOMIC,,DBB_AAMIOSDA_2_HV3HNDSX7.UDI136,,,,,Prod_ILL_BqADN_NEBUII_151_v4
EMOBON_PiEGetxo_Wa_86,EMOBON_PiEGetxo_Wa_220622_0.2um_1,DBB_AAMJ,EMOBON00403,,metag,,paired,metag,metag,metag,metag,,,,basic Genoscope QC,Illumina NovaSeq 6000,46.8,,4586.4,METAGENOMIC,,DBB_AAMJOSDA_1_HV3HNDSX7.UDI269,,,,,Prod_ILL_BqADN_NEBUII_151_v4
EMOBON_PiEGetxo_Wa_87,EMOBON_PiEGetxo_Wa_220622_0.2um_2,DBB_AAMK,EMOBON00404,,metag,,paired,metag,metag,metag,metag,,,,basic Genoscope QC,Illumina NovaSeq 6000,32.14,,3149.7,METAGENOMIC,,DBB_AAMKOSDA_1_HV3HNDSX7.UDI281,,,,,Prod_ILL_BqADN_NEBUII_151_v4
EMOBON_PiEGetxo_Wa_96,EMOBON_PiEGetxo_Wa_220823_3um_1,DBB_AAML,EMOBON00405,,metag,,paired,metag,metag,metag,metag,,,,basic Genoscope QC,Illumina NovaSeq 6000,53.7,,5101.5,METAGENOMIC,,DBB_AAMLOSDA_2_HV3HNDSX7.UDI148,,,,,Prod_ILL_BqADN_NEBUII_151_v4
EMOBON_PiEGetxo_Wa_97,EMOBON_PiEGetxo_Wa_220823_3um_2,DBB_AAMM,EMOBON00406,,metag,,paired,metag,metag,metag,metag,,,,basic Genoscope QC,Illumina NovaSeq 6000,79.4,,7543,METAGENOMIC,,DBB_AAMMOSDA_2_HV3HNDSX7.UDI160,,,,,Prod_ILL_BqADN_NEBUII_151_v4
EMOBON_PiEGetxo_Wa_98,EMOBON_PiEGetxo_Wa_220823_0.2um_1,DBB_AAMN,EMOBON00407,,metag,,paired,metag,metag,metag,metag,,,,basic Genoscope QC,Illumina NovaSeq 6000,44.5,,4094,METAGENOMIC,,DBB_AAMNOSDA_1_HV3HNDSX7.UDI198,,,,,Prod_ILL_BqADN_NEBUII_151_v4
EMOBON_PiEGetxo_Wa_99,EMOBON_PiEGetxo_Wa_220823_0.2um_2,DBB_AAMO,EMOBON00408,,metag,,paired,metag,metag,metag,metag,,,,basic Genoscope QC,Illumina NovaSeq 6000,47,,4653,METAGENOMIC,,DBB_AAMOOSDA_1_HW7YYDSX7.UDI210,,,,,Prod_ILL_BqADN_NEBUII_151_v4
EMOBON_RFormosa_Wa_31,EMOBON_RFormosa_Wa_220224_3um_1,DBB_AAMP,EMOBON00409,,metag,,paired,metag,metag,metag,metag,,,,basic Genoscope QC,Illumina NovaSeq 6000,984,,97.4,METAGENOMIC,,DBB_AAMPOSDA_1_H5YH5DSXC.UDI309,,,,,Prod_ILL_BqADN_NEBUII_151_v4
EMOBON_RFormosa_Wa_32,EMOBON_RFormosa_Wa_220224_3um_2,DBB_AAMQ,EMOBON00410,,metag,,paired,metag,metag,metag,metag,,,,basic Genoscope QC,Illumina NovaSeq 6000,1.245,,123.3,METAGENOMIC,,DBB_AAMQOSDA_1_H5YH5DSXC.UDI346,,,,,Prod_ILL_BqADN_NEBUII_151_v4
EMOBON_RFormosa_Wa_35,EMOBON_RFormosa_Wa_220224_0.2um_1,DBB_AAMR,EMOBON00411,,metag,,paired,metag,metag,metag,metag,,,,basic Genoscope QC,Illumina NovaSeq 6000,35.14,,3338.3,METAGENOMIC,,DBB_AAMROSDA_1_HW7YYDSX7.UDI222,,,,,Prod_ILL_BqADN_NEBUII_151_v4
EMOBON_RFormosa_Wa_36,EMOBON_RFormosa_Wa_220224_0.2um_2,DBB_AAMS,EMOBON00412,,metag,,paired,metag,metag,metag,metag,,,,basic Genoscope QC,Illumina NovaSeq 6000,25.9,,2512.3,METAGENOMIC,,DBB_AAMSOSDA_1_HW7YYDSX7.UDI234,,,,,Prod_ILL_BqADN_NEBUII_151_v4
EMOBON_RFormosa_Wa_41,EMOBON_RFormosa_Wa_220428_3um_1,DBB_AAMT,EMOBON00413,,metag,,paired,metag,metag,metag,metag,,,,basic Genoscope QC,Illumina NovaSeq 6000,4.7,,479.4,METAGENOMIC,,DBB_AAMTOSDA_2_HV3HNDSX7.UDI172,,,,,Prod_ILL_BqADN_NEBUII_151_v4
EMOBON_RFormosa_Wa_42,EMOBON_RFormosa_Wa_2200428_3um_2,DBB_AAMU,EMOBON00414,,metag,,paired,metag,metag,metag,metag,,,,basic Genoscope QC,Illumina NovaSeq 6000,3.73,,358.1,METAGENOMIC,,DBB_AAMUOSDA_2_HV3HNDSX7.UDI184,,,,,Prod_ILL_BqADN_NEBUII_151_v4
EMOBON_RFormosa_Wa_45,EMOBON_RFormosa_Wa_2200428_0.2um_1,DBB_AAMV,EMOBON00415,,metag,,paired,metag,metag,metag,metag,,,,basic Genoscope QC,Illumina NovaSeq 6000,41.82,,3931.1,METAGENOMIC,,DBB_AAMVOSDA_1_HW7YYDSX7.UDI246,,,,,Prod_ILL_BqADN_NEBUII_151_v4
EMOBON_RFormosa_Wa_46,EMOBON_RFormosa_Wa_220428_0.2um_2,DBB_AAMW,EMOBON00416,,metag,,paired,metag,metag,metag,metag,,,,basic Genoscope QC,Illumina NovaSeq 6000,33.24,,3191,METAGENOMIC,,DBB_AAMWOSDA_1_HW7YYDSX7.UDI258,,,,,Prod_ILL_BqADN_NEBUII_151_v4
EMOBON_RFormosa_Wa_51,EMOBON_RFormosa_Wa_220629_3um_1,DBB_AAMX,EMOBON00417,,metag,,paired,metag,metag,metag,metag,,,,basic Genoscope QC,Illumina NovaSeq 6000,8.31,,797.8,METAGENOMIC,,DBB_AAMXOSDA_2_HV3HNDSX7.UDI101,,,,,Prod_ILL_BqADN_NEBUII_151_v4
EMOBON_RFormosa_Wa_52,EMOBON_RFormosa_Wa_220629_3um_2,DBB_AAMY,EMOBON00418,,metag,,paired,metag,metag,metag,metag,,,,basic Genoscope QC,Illumina NovaSeq 6000,3.73,,358.1,METAGENOMIC,,DBB_AAMYOSDA_2_HV3HNDSX7.UDI113,,,,,Prod_ILL_BqADN_NEBUII_151_v4
EMOBON_RFormosa_Wa_55,EMOBON_RFormosa_Wa_220629_0.2um_1,DBB_AAMZ,EMOBON00419,,metag,,paired,metag,metag,metag,metag,,,,basic Genoscope QC,Illumina NovaSeq 6000,33.45,,3044,METAGENOMIC,,DBB_AAMZOSDA_1_HW7YYDSX7.UDI270,,,,,Prod_ILL_BqADN_NEBUII_151_v4
EMOBON_RFormosa_Wa_56,EMOBON_RFormosa_Wa_220629_0.2um_2,DBB_AANA,EMOBON00420,,metag,,paired,metag,metag,metag,metag,,,,basic Genoscope QC,Illumina NovaSeq 6000,49.15,,4472.7,METAGENOMIC,,DBB_AANAOSDA_1_HW7YYDSX7.UDI282,,,,,Prod_ILL_BqADN_NEBUII_151_v4
EMOBON_RFormosa_Wa_61,EMOBON_RFormosa_Wa_2200909_3um_1,DBB_AANB,EMOBON00421,,metag,,paired,metag,metag,metag,metag,,,,basic Genoscope QC,Illumina NovaSeq 6000,4.55,,445.9,METAGENOMIC,,DBB_AANBOSDA_2_HV3HNDSX7.UDI125,,,,,Prod_ILL_BqADN_NEBUII_151_v4
EMOBON_RFormosa_Wa_62,EMOBON_RFormosa_Wa_2200909_3um_2,DBB_AANC,EMOBON00422,,metag,,paired,metag,metag,metag,metag,,,,basic Genoscope QC,Illumina NovaSeq 6000,3.53,,345.9,METAGENOMIC,,DBB_AANCOSDA_2_HV3HNDSX7.UDI137,,,,,Prod_ILL_BqADN_NEBUII_151_v4
EMOBON_RFormosa_Wa_65,EMOBON_RFormosa_Wa_220909_0.2um_1,DBB_AAND,EMOBON00423,,metag,,paired,metag,metag,metag,metag,,,,basic Genoscope QC,Illumina NovaSeq 6000,30.33,,2851,METAGENOMIC,,DBB_AANDOSDA_1_HW7YYDSX7.UDI199,,,,,Prod_ILL_BqADN_NEBUII_151_v4
EMOBON_RFormosa_Wa_66,EMOBON_RFormosa_Wa_220909_0.2um_2,DBB_AANE,EMOBON00424,,metag,,paired,metag,metag,metag,metag,,,,basic Genoscope QC,Illumina NovaSeq 6000,34.15,,3210.1,METAGENOMIC,,DBB_AANEOSDA_1_HW7YYDSX7.UDI211,,,,,Prod_ILL_BqADN_NEBUII_151_v4
EMOBON_RFormosa_So_16,EMOBON_RFormosa_So_220224_micro_1,DBH_AABY,EMOBON00425,,metag,,paired,metag,metag,metag,metag,,,,basic Genoscope QC,Illumina NovaSeq 6000,15.25,,1647,METAGENOMIC,,DBH_AABYOSDA_2_HJWK3DSX7.UDI073,,,,,Prod_ILL_BqADN_NEBUII_151_v4
EMOBON_RFormosa_So_17,EMOBON_RFormosa_So_220224_micro_2,DBH_AABZ,EMOBON00426,,metag,,paired,metag,metag,metag,metag,,,,basic Genoscope QC,Illumina NovaSeq 6000,9.84,,1141.4,METAGENOMIC,,DBH_AABZOSDA_2_HJWK3DSX7.UDI085,,,,,Prod_ILL_BqADN_NEBUII_151_v4
EMOBON_RFormosa_So_21,EMOBON_RFormosa_So_220428_micro_1,DBH_AACD,EMOBON00427,,metag,,paired,metag,metag,metag,metag,,,,basic Genoscope QC,Illumina NovaSeq 6000,8.7,,913.5,METAGENOMIC,,DBH_AACDOSDA_2_HJWK3DSX7.UDI038,,,,,Prod_ILL_BqADN_NEBUII_151_v4
EMOBON_RFormosa_So_22,EMOBON_RFormosa_So_220428_micro_2,DBH_AACE,EMOBON00428,,metag,,paired,metag,metag,metag,metag,,,,basic Genoscope QC,Illumina NovaSeq 6000,5.87,,616.3,METAGENOMIC,,DBH_AACEOSDA_2_HJWK3DSX7.UDI050,,,,,Prod_ILL_BqADN_NEBUII_151_v4
EMOBON_RFormosa_So_26,EMOBON_RFormosa_So_220629_micro_1,DBH_AACF,EMOBON00429,,metag,,paired,metag,metag,metag,metag,,,,basic Genoscope QC,Illumina NovaSeq 6000,7.17,,752.9,METAGENOMIC,,DBH_AACFOSDA_2_HJWK3DSX7.UDI062,,,,,Prod_ILL_BqADN_NEBUII_151_v4
EMOBON_RFormosa_So_27,EMOBON_RFormosa_So_220629_micro_2,DBH_AACA,EMOBON00430,,metag,,paired,metag,metag,metag,metag,,,,basic Genoscope QC,Illumina NovaSeq 6000,5.78,,485.5,METAGENOMIC,,DBH_AACAOSDA_2_HJWK3DSX7.UDI002,,,,,Prod_ILL_BqADN_NEBUII_151_v4
EMOBON_RFormosa_So_31,EMOBON_RFormosa_So_220909_micro_1,DBH_AACB,EMOBON00431,,metag,,paired,metag,metag,metag,metag,,,,basic Genoscope QC,Illumina NovaSeq 6000,46.2,,3603.6,METAGENOMIC,,DBH_AACBOSDA_2_HJWK3DSX7.UDI014,,,,,Prod_ILL_BqADN_NEBUII_151_v4
EMOBON_RFormosa_So_32,EMOBON_RFormosa_So_220909_micro_2,DBH_AACC,EMOBON00432,,metag,,paired,metag,metag,metag,metag,,,,basic Genoscope QC,Illumina NovaSeq 6000,38.8,,3414.4,METAGENOMIC,,DBH_AACCOSDA_2_HJWK3DSX7.UDI026,,,,,Prod_ILL_BqADN_NEBUII_151_v4
EMOBON_NRMCB_Wa_83,EMOBON_NRMCB_Wa_220302_3um_1,DBB_AANF,EMOBON00433,,metag,,paired,metag,metag,metag,metag,,,,basic Genoscope QC,Illumina NovaSeq 6000,3.09,,296.6,METAGENOMIC,,DBB_AANFOSDA_2_HV3HNDSX7.UDI149,,,,,Prod_ILL_BqADN_NEBUII_151_v4
EMOBON_NRMCB_Wa_84,EMOBON_NRMCB_Wa_220302_3um_2,DBB_AANG,EMOBON00434,,metag,,paired,metag,metag,metag,metag,,,,basic Genoscope QC,Illumina NovaSeq 6000,1.81,,177.4,METAGENOMIC,,DBB_AANGOSDA_1_H5YH5DSXC.UDI347,,,,,Prod_ILL_BqADN_NEBUII_151_v4
EMOBON_NRMCB_Wa_88,EMOBON_NRMCB_Wa_220302_0.2um_1,DBB_AANH,EMOBON00435,,metag,,paired,metag,metag,metag,metag,,,,basic Genoscope QC,Illumina NovaSeq 6000,12.95,,1269.1,METAGENOMIC,,DBB_AANHOSDA_1_HW7YYDSX7.UDI223,,,,,Prod_ILL_BqADN_NEBUII_151_v4
EMOBON_NRMCB_Wa_89,EMOBON_NRMCB_Wa_220302_0.2um_2,DBB_AANI,EMOBON00436,,metag,,paired,metag,metag,metag,metag,,,,basic Genoscope QC,Illumina NovaSeq 6000,9.89,,949.4,METAGENOMIC,,DBB_AANIOSDA_1_HW7YYDSX7.UDI235,,,,,Prod_ILL_BqADN_NEBUII_151_v4
EMOBON_NRMCB_Wa_103,EMOBON_NRMCB_Wa_220427_3um_1,DBB_AANJ,EMOBON00437,,metag,,paired,metag,metag,metag,metag,,,,basic Genoscope QC,Illumina NovaSeq 6000,2.3,,225.4,METAGENOMIC,,DBB_AANJOSDA_2_HV3HNDSX7.UDI161,,,,,Prod_ILL_BqADN_NEBUII_151_v4
EMOBON_NRMCB_Wa_104,EMOBON_NRMCB_Wa_220427_3um_2,DBB_AANK,EMOBON00438,,metag,,paired,metag,metag,metag,metag,,,,basic Genoscope QC,Illumina NovaSeq 6000,1.72,,168.6,METAGENOMIC,,DBB_AANKOSDA_1_H5YH5DSXC.UDI352,,,,,Prod_ILL_BqADN_NEBUII_151_v4
EMOBON_NRMCB_Wa_108,EMOBON_NRMCB_Wa_220427_0.2um_1,DBB_AANL,EMOBON00439,,metag,,paired,metag,metag,metag,metag,,,,basic Genoscope QC,Illumina NovaSeq 6000,11.65,,1141.7,METAGENOMIC,,DBB_AANLOSDA_1_HW7YYDSX7.UDI247,,,,,Prod_ILL_BqADN_NEBUII_151_v4
EMOBON_NRMCB_Wa_109,EMOBON_NRMCB_Wa_220427_0.2um_2,DBB_AANM,EMOBON00440,,metag,,paired,metag,metag,metag,metag,,,,basic Genoscope QC,Illumina NovaSeq 6000,13.2,,1293.6,METAGENOMIC,,DBB_AANMOSDA_1_HW7YYDSX7.UDI259,,,,,Prod_ILL_BqADN_NEBUII_151_v4
EMOBON_NRMCB_Wa_123,EMOBON_NRMCB_Wa_220623_3um_1,DBB_AANN,EMOBON00441,,metag,,paired,metag,metag,metag,metag,,,,basic Genoscope QC,Illumina NovaSeq 6000,3.77,,369.5,METAGENOMIC,,DBB_AANNOSDA_2_HV3HNDSX7.UDI173,,,,,Prod_ILL_BqADN_NEBUII_151_v4
EMOBON_NRMCB_Wa_124,EMOBON_NRMCB_Wa_220623_3um_2,DBB_AANO,EMOBON00442,,metag,,paired,metag,metag,metag,metag,,,,basic Genoscope QC,Illumina NovaSeq 6000,5.13,,502.7,METAGENOMIC,,DBB_AANOOSDA_2_HV3HNDSX7.UDI185,,,,,Prod_ILL_BqADN_NEBUII_151_v4
EMOBON_NRMCB_Wa_127,EMOBON_NRMCB_Wa_220623_0.2um_1,DBB_AANP,EMOBON00443,,metag,,paired,metag,metag,metag,metag,,,,basic Genoscope QC,Illumina NovaSeq 6000,9.48,,929,METAGENOMIC,,DBB_AANPOSDA_1_HW7YYDSX7.UDI271,,,,,Prod_ILL_BqADN_NEBUII_151_v4
EMOBON_NRMCB_Wa_128,EMOBON_NRMCB_Wa_220623_0.2um_2,DBB_AANQ,EMOBON00444,,metag,,paired,metag,metag,metag,metag,,,,basic Genoscope QC,Illumina NovaSeq 6000,8.32,,815.4,METAGENOMIC,,DBB_AANQOSDA_1_HW7YYDSX7.UDI283,,,,,Prod_ILL_BqADN_NEBUII_151_v4
EMOBON_NRMCB_Wa_129,EMOBON_NRMCB_Wa_220623_3um_blank,,EMOBON00445,,metag,,paired,metag,metag,metag,metag,,,,basic Genoscope QC,Illumina NovaSeq 6000,99,,8.9,METAGENOMIC,,,,,,,Prod_ILL_BqADN_NEBUII_151_v4
EMOBON_NRMCB_Wa_132,EMOBON_NRMCB_Wa_220623_0.2um_blank,,EMOBON00446,,metag,,paired,metag,metag,metag,metag,,,,basic Genoscope QC,Illumina NovaSeq 6000,131,,11.8,METAGENOMIC,,,,,,,Prod_ILL_BqADN_NEBUII_151_v4
EMOBON_NRMCB_Wa_143,EMOBON_NRMCB_Wa_220803_3um_1,DBB_AANR,EMOBON00447,,metag,,paired,metag,metag,metag,metag,,,,basic Genoscope QC,Illumina NovaSeq 6000,1.925,,188.6,METAGENOMIC,,DBB_AANROSDA_1_H5YH5DSXC.UDI353,,,,,Prod_ILL_BqADN_NEBUII_151_v4
EMOBON_NRMCB_Wa_144,EMOBON_NRMCB_Wa_220803_3um_2,DBB_AANS,EMOBON00448,,metag,,paired,metag,metag,metag,metag,,,,basic Genoscope QC,Illumina NovaSeq 6000,1.365,,133.8,METAGENOMIC,,DBB_AANSOSDA_1_H5YH5DSXC.UDI354,,,,,Prod_ILL_BqADN_NEBUII_151_v4
EMOBON_NRMCB_Wa_148,EMOBON_NRMCB_Wa_220803_0.2um_1,DBB_AANT,EMOBON00449,,metag,,paired,metag,metag,metag,metag,,,,basic Genoscope QC,Illumina NovaSeq 6000,11.75,,1151.5,METAGENOMIC,,DBB_AANTOSDA_1_HW7YYDSX7.UDI200,,,,,Prod_ILL_BqADN_NEBUII_151_v4
EMOBON_NRMCB_Wa_149,EMOBON_NRMCB_Wa_220803_0.2um_2,DBB_AANU,EMOBON00450,,metag,,paired,metag,metag,metag,metag,,,,basic Genoscope QC,Illumina NovaSeq 6000,9.07,,888.9,METAGENOMIC,,DBB_AANUOSDA_1_HW7YYDSX7.UDI212,,,,,Prod_ILL_BqADN_NEBUII_151_v4
EMOBON_NRMCB_So_21,EMOBON_NRMCB_So_220311_1,DBH_AACG,EMOBON00451,,metag,,paired,metag,metag,metag,metag,,,,basic Genoscope QC,Illumina NovaSeq 6000,14,,1456,METAGENOMIC,,DBH_AACGOSDA_2_HJWK3DSX7.UDI074,,,,,Prod_ILL_BqADN_NEBUII_151_v4
EMOBON_NRMCB_So_22,EMOBON_NRMCB_So_220311_2,DBH_AACH,EMOBON00452,,metag,,paired,metag,metag,metag,metag,,,,basic Genoscope QC,Illumina NovaSeq 6000,13,,1326,METAGENOMIC,,DBH_AACHOSDA_2_HJWK3DSX7.UDI086,,,,,Prod_ILL_BqADN_NEBUII_151_v4
EMOBON_NRMCB_So_26,EMOBON_NRMCB_So_220427_1,DBH_AACI,EMOBON00453,,metag,,paired,metag,metag,metag,metag,,,,basic Genoscope QC,Illumina NovaSeq 6000,17.6,,1830.4,METAGENOMIC,,DBH_AACIOSDA_2_HJWK3DSX7.UDI003,,,,,Prod_ILL_BqADN_NEBUII_151_v4
EMOBON_NRMCB_So_27,EMOBON_NRMCB_So_220427_2,DBH_AACJ,EMOBON00454,,metag,,paired,metag,metag,metag,metag,,,,basic Genoscope QC,Illumina NovaSeq 6000,23.7,,2085.6,METAGENOMIC,,DBH_AACJOSDA_2_HJWK3DSX7.UDI015,,,,,Prod_ILL_BqADN_NEBUII_151_v4
EMOBON_NRMCB_So_31,EMOBON_NRMCB_So_230622_1,DBH_AACK,EMOBON00455,,metag,,paired,metag,metag,metag,metag,,,,basic Genoscope QC,Illumina NovaSeq 6000,24.4,,2147.2,METAGENOMIC,,DBH_AACKOSDA_2_HJWK3DSX7.UDI027,,,,,Prod_ILL_BqADN_NEBUII_151_v4
EMOBON_NRMCB_So_32,EMOBON_NRMCB_So_230622_2,DBH_AACT,EMOBON00456,,metag,,paired,metag,metag,metag,metag,,,,basic Genoscope QC,Illumina NovaSeq 6000,26.9,,2205.8,METAGENOMIC,,DBH_AACTOSDA_2_HJWK3DSX7.UDI051,,,,,Prod_ILL_BqADN_NEBUII_151_v4
EMOBON_NRMCB_So_36,EMOBON_NRMCB_So_030822_1,DBH_AACL,EMOBON00457,,metag,,paired,metag,metag,metag,metag,,,,basic Genoscope QC,Illumina NovaSeq 6000,12.3,,1070.1,METAGENOMIC,,DBH_AACLOSDA_2_HJWK3DSX7.UDI039,,,,,Prod_ILL_BqADN_NEBUII_151_v4
EMOBON_NRMCB_So_37,EMOBON_NRMCB_So_030822_2,DBH_AACU,EMOBON00458,,metag,,paired,metag,metag,metag,metag,,,,basic Genoscope QC,Illumina NovaSeq 6000,15.75,,1386,METAGENOMIC,,DBH_AACUOSDA_2_HJWK3DSX7.UDI063,,,,,Prod_ILL_BqADN_NEBUII_151_v4
EMOBON_OOB_So_29,EMOBON_OOB_So_220221_micro_1,DBH_AACV,EMOBON00459,,metag,,paired,metag,metag,metag,metag,,,,basic Genoscope QC,Illumina NovaSeq 6000,476,,40.9,METAGENOMIC,,DBH_AACVOSDA_2_HJWK3DSX7.UDI362,,,,,Prod_ILL_BqADN_NEBUII_151_v4
EMOBON_OOB_So_30,EMOBON_OOB_So_220221_micro_2,DBH_AACM,EMOBON00460,,metag,,paired,metag,metag,metag,metag,,,,basic Genoscope QC,Illumina NovaSeq 6000,473,,41.6,METAGENOMIC,,DBH_AACMOSDA_2_HJWK3DSX7.UDI357,,,,,Prod_ILL_BqADN_NEBUII_151_v4
EMOBON_OOB_So_34,EMOBON_OOB_So_220425_micro_1,DBH_AACN,EMOBON00461,,metag,,paired,metag,metag,metag,metag,,,,basic Genoscope QC,Illumina NovaSeq 6000,534,,56.1,METAGENOMIC,,DBH_AACNOSDA_2_HJWK3DSX7.UDI358,,,,,Prod_ILL_BqADN_NEBUII_151_v4
EMOBON_OOB_So_35,EMOBON_OOB_So_220425_micro_2,DBH_AACO,EMOBON00462,,metag,,paired,metag,metag,metag,metag,,,,basic Genoscope QC,Illumina NovaSeq 6000,447,,48.3,METAGENOMIC,,DBH_AACOOSDA_2_HJWK3DSX7.UDI359,,,,,Prod_ILL_BqADN_NEBUII_151_v4
EMOBON_OOB_So_47,EMOBON_OOB_So_220628_micro_1,DBH_AACQ,EMOBON00463,,metag,,paired,metag,metag,metag,metag,,,,basic Genoscope QC,Illumina NovaSeq 6000,781,,64,METAGENOMIC,,DBH_AACQOSDA_2_HJWK3DSX7.UDI360,,,,,Prod_ILL_BqADN_NEBUII_151_v4
EMOBON_OOB_So_48,EMOBON_OOB_So_220628_micro_2,DBH_AACR,EMOBON00464,,metag,,paired,metag,metag,metag,metag,,,,basic Genoscope QC,Illumina NovaSeq 6000,1.725,,141.5,METAGENOMIC,,DBH_AACROSDA_2_HJWK3DSX7.UDI351,,,,,Prod_ILL_BqADN_NEBUII_151_v4
EMOBON_OOB_So_56,EMOBON_OOB_So_220823_micro_1,DBH_AACP,EMOBON00465,,metag,,paired,metag,metag,metag,metag,,,,basic Genoscope QC,Illumina NovaSeq 6000,1.48,,159.8,METAGENOMIC,,DBH_AACPOSDA_2_HJWK3DSX7.UDI354,,,,,Prod_ILL_BqADN_NEBUII_151_v4
EMOBON_OOB_So_57,EMOBON_OOB_So_220823_micro_2,DBH_AACS,EMOBON00466,,metag,,paired,metag,metag,metag,metag,,,,basic Genoscope QC,Illumina NovaSeq 6000,1.19,,97.6,METAGENOMIC,,DBH_AACSOSDA_2_HJWK3DSX7.UDI361,,,,,Prod_ILL_BqADN_NEBUII_151_v4
EMOBON_OSD74_Wa_31,EMOBON_OSD74_Wa_220225_0.2um_1,DBB_AANV,EMOBON00467,,metag,,paired,metag,metag,metag,metag,,,,basic Genoscope QC,Illumina NovaSeq 6000,0.72,,70.6,METAGENOMIC,,DBB_AANVOSDA_3_H5YGKDSXC.UDI310,,,,,Prod_ILL_BqADN_NEBUII_151_v4
EMOBON_OSD74_Wa_32,EMOBON_OSD74_Wa_220225_0.2um_2,DBB_AANW,EMOBON00468,,metag,,paired,metag,metag,metag,metag,,,,basic Genoscope QC,Illumina NovaSeq 6000,458,,44.9,METAGENOMIC,,DBB_AANWOSDA_3_H5YGKDSXC.UDI311,,,,,Prod_ILL_BqADN_NEBUII_151_v4
EMOBON_OSD74_Wa_33,EMOBON_OSD74_Wa_220225_3um_1,DBB_AANX,EMOBON00469,,metag,,paired,metag,metag,metag,metag,,,,basic Genoscope QC,Illumina NovaSeq 6000,9.73,,953.5,METAGENOMIC,,DBB_AANXOSDA_2_HV3HNDSX7.UDI102,,,,,Prod_ILL_BqADN_NEBUII_151_v4
EMOBON_OSD74_Wa_34,EMOBON_OSD74_Wa_220225_3um_2,DBB_AANY,EMOBON00470,,metag,,paired,metag,metag,metag,metag,,,,basic Genoscope QC,Illumina NovaSeq 6000,12.95,,1269.1,METAGENOMIC,,DBB_AANYOSDA_3_HW7YYDSX7.UDI114,,,,,Prod_ILL_BqADN_NEBUII_151_v4
EMOBON_OSD74_Wa_41,EMOBON_OSD74_Wa_220420_0.2um_1,DBB_AANZ,EMOBON00471,,metag,,paired,metag,metag,metag,metag,,,,basic Genoscope QC,Illumina NovaSeq 6000,30.5,,2989,METAGENOMIC,,DBB_AANZOSDA_1_HW7YYDSX7.UDI224,,,,,Prod_ILL_BqADN_NEBUII_151_v4
EMOBON_OSD74_Wa_42,EMOBON_OSD74_Wa_220420_0.2um_2,DBB_AAOA,EMOBON00472,,metag,,paired,metag,metag,metag,metag,,,,basic Genoscope QC,Illumina NovaSeq 6000,26.8,,2626.4,METAGENOMIC,,DBB_AAOAOSDA_1_HW7YYDSX7.UDI236,,,,,Prod_ILL_BqADN_NEBUII_151_v4
EMOBON_OSD74_Wa_43,EMOBON_OSD74_Wa_220420_3um_1,DBB_AAOB,EMOBON00473,,metag,,paired,metag,metag,metag,metag,,,,basic Genoscope QC,Illumina NovaSeq 6000,23,,2208,METAGENOMIC,,DBB_AAOBOSDA_3_HW7YYDSX7.UDI126,,,,,Prod_ILL_BqADN_NEBUII_151_v4
EMOBON_OSD74_Wa_44,EMOBON_OSD74_Wa_220420_3um_2,DBB_AAOC,EMOBON00474,,metag,,paired,metag,metag,metag,metag,,,,basic Genoscope QC,Illumina NovaSeq 6000,64.7,,5952.4,METAGENOMIC,,DBB_AAOCOSDA_3_HW7YYDSX7.UDI138,,,,,Prod_ILL_BqADN_NEBUII_151_v4
EMOBON_OSD74_Wa_51,EMOBON_OSD74_Wa_220614_0.2um_1,DBB_AAOD,EMOBON00475,,metag,,paired,metag,metag,metag,metag,,,,basic Genoscope QC,Illumina NovaSeq 6000,18.9,,1757.7,METAGENOMIC,,DBB_AAODOSDA_1_HW7YYDSX7.UDI248,,,,,Prod_ILL_BqADN_NEBUII_151_v4
EMOBON_OSD74_Wa_52,EMOBON_OSD74_Wa_220614_0.2um_2,DBB_AAOE,EMOBON00476,,metag,,paired,metag,metag,metag,metag,,,,basic Genoscope QC,Illumina NovaSeq 6000,54.15,,4873.5,METAGENOMIC,,DBB_AAOEOSDA_1_HW7YYDSX7.UDI260,,,,,Prod_ILL_BqADN_NEBUII_151_v4
EMOBON_OSD74_Wa_53,EMOBON_OSD74_Wa_220614_3um_1,DBB_AAOF,EMOBON00477,,metag,,paired,metag,metag,metag,metag,,,,basic Genoscope QC,Illumina NovaSeq 6000,9.15,,942.5,METAGENOMIC,,DBB_AAOFOSDA_3_HW7YYDSX7.UDI150,,,,,Prod_ILL_BqADN_NEBUII_151_v4
EMOBON_OSD74_Wa_54,EMOBON_OSD74_Wa_220614_3um_2,DBB_AAOG,EMOBON00478,,metag,,paired,metag,metag,metag,metag,,,,basic Genoscope QC,Illumina NovaSeq 6000,4.68,,439.9,METAGENOMIC,,DBB_AAOGOSDA_3_HW7YYDSX7.UDI162,,,,,Prod_ILL_BqADN_NEBUII_151_v4
EMOBON_OSD74_Wa_61,EMOBON_OSD74_Wa_220822_0.2um_1,DBB_AAOH,EMOBON00479,,metag,,paired,metag,metag,metag,metag,,,,basic Genoscope QC,Illumina NovaSeq 6000,48.15,,4237.2,METAGENOMIC,,DBB_AAOHOSDA_1_HW7YYDSX7.UDI272,,,,,Prod_ILL_BqADN_NEBUII_151_v4
EMOBON_OSD74_Wa_62,EMOBON_OSD74_Wa_220822_0.2um_2,DBB_AAOI,EMOBON00480,,metag,,paired,metag,metag,metag,metag,,,,basic Genoscope QC,Illumina NovaSeq 6000,56.15,,4941.2,METAGENOMIC,,DBB_AAOIOSDA_1_HW7YYDSX7.UDI284,,,,,Prod_ILL_BqADN_NEBUII_151_v4
EMOBON_OSD74_Wa_63,EMOBON_OSD74_Wa_220822_3um_1,DBB_AAOJ,EMOBON00481,,metag,,paired,metag,metag,metag,metag,,,,basic Genoscope QC,Illumina NovaSeq 6000,126.5,,10373,METAGENOMIC,,DBB_AAOJOSDA_3_HW7YYDSX7.UDI174,,,,,Prod_ILL_BqADN_NEBUII_151_v4
EMOBON_OSD74_Wa_64,EMOBON_OSD74_Wa_220822_3um_2,DBB_AAOK,EMOBON00482,,metag,,paired,metag,metag,metag,metag,,,,basic Genoscope QC,Illumina NovaSeq 6000,29.433,,2855,METAGENOMIC,,DBB_AAOKOSDA_3_HW7YYDSX7.UDI186,,,,,Prod_ILL_BqADN_NEBUII_151_v4
EMOBON_HCMR-1_Wa_25,EMOBON_HCMR-1_Wa_211026_3um_1,DBB_AAOL,EMOBON00483,,metag,,paired,metag,metag,metag,metag,,,,basic Genoscope QC,Illumina NovaSeq 6000,1.38,,135.2,METAGENOMIC,,DBB_AAOLOSDA_1_H5YH5DSXC.UDI355,,,,,Prod_ILL_BqADN_NEBUII_151_v4
EMOBON_HCMR-1_Wa_26,EMOBON_HCMR-1_Wa_211026_3um_2,DBB_AAOM,EMOBON00484,,metag,,paired,metag,metag,metag,metag,,,,basic Genoscope QC,Illumina NovaSeq 6000,3.3,,323.4,METAGENOMIC,,DBB_AAOMOSDA_3_HW7YYDSX7.UDI103,,,,,Prod_ILL_BqADN_NEBUII_151_v4
EMOBON_HCMR-1_Wa_29,EMOBON_HCMR-1_Wa_211026_0.2um_1,DBB_AAON,EMOBON00485,,metag,,paired,metag,metag,metag,metag,,,,basic Genoscope QC,Illumina NovaSeq 6000,17.7,,1734.6,METAGENOMIC,,DBB_AAONOSDA_1_HW7YYDSX7.UDI201,,,,,Prod_ILL_BqADN_NEBUII_151_v4
EMOBON_HCMR-1_Wa_30,EMOBON_HCMR-1_Wa_211026_0.2um_2,DBB_AAOO,EMOBON00486,,metag,,paired,metag,metag,metag,metag,,,,basic Genoscope QC,Illumina NovaSeq 6000,17.55,,1719.9,METAGENOMIC,,DBB_AAOOOSDA_1_HW7YYDSX7.UDI213,,,,,Prod_ILL_BqADN_NEBUII_151_v4
EMOBON_HCMR-1_Wa_39,EMOBON_HCMR-1_Wa_220304_3um_1,DBB_AAOP,EMOBON00487,,metag,,paired,metag,metag,metag,metag,,,,basic Genoscope QC,Illumina NovaSeq 6000,424,,41.6,METAGENOMIC,,DBB_AAOPOSDA_1_H5YH5DSXC.UDI316,,,,,Prod_ILL_BqADN_NEBUII_151_v4
EMOBON_HCMR-1_Wa_40,EMOBON_HCMR-1_Wa_220304_3um_2,DBB_AAOQ,EMOBON00488,,metag,,paired,metag,metag,metag,metag,,,,basic Genoscope QC,Illumina NovaSeq 6000,663,,65,METAGENOMIC,,DBB_AAOQOSDA_1_H5YH5DSXC.UDI317,,,,,Prod_ILL_BqADN_NEBUII_151_v4
EMOBON_HCMR-1_Wa_41,EMOBON_HCMR-1_Wa_220304_0.2um_1,DBB_AAOR,EMOBON00489,,metag,,paired,metag,metag,metag,metag,,,,basic Genoscope QC,Illumina NovaSeq 6000,10.4,,1019.2,METAGENOMIC,,DBB_AAOROSDA_1_HW7YYDSX7.UDI225,,,,,Prod_ILL_BqADN_NEBUII_151_v4
EMOBON_HCMR-1_Wa_42,EMOBON_HCMR-1_Wa_220304_0.2um_2,DBB_AAOS,EMOBON00490,,metag,,paired,metag,metag,metag,metag,,,,basic Genoscope QC,Illumina NovaSeq 6000,10.38,,1017.2,METAGENOMIC,,DBB_AAOSOSDA_1_HW7YYDSX7.UDI237,,,,,Prod_ILL_BqADN_NEBUII_151_v4
EMOBON_HCMR-1_Wa_49,EMOBON_HCMR-1_Wa_220505_3um_1,DBB_AAOT,EMOBON00491,,metag,,paired,metag,metag,metag,metag,,,,basic Genoscope QC,Illumina NovaSeq 6000,1.215,,119.1,METAGENOMIC,,DBB_AAOTOSDA_1_H5YH5DSXC.UDI356,,,,,Prod_ILL_BqADN_NEBUII_151_v4
EMOBON_HCMR-1_Wa_50,EMOBON_HCMR-1_Wa_220505_3um_2,DBB_AAOU,EMOBON00492,,metag,,paired,metag,metag,metag,metag,,,,basic Genoscope QC,Illumina NovaSeq 6000,1.895,,185.7,METAGENOMIC,,DBB_AAOUOSDA_1_H5YH5DSXC.UDI357,,,,,Prod_ILL_BqADN_NEBUII_151_v4
EMOBON_HCMR-1_Wa_53,EMOBON_HCMR-1_Wa_220505_0.2um_1,DBB_AAOV,EMOBON00493,,metag,,paired,metag,metag,metag,metag,,,,basic Genoscope QC,Illumina NovaSeq 6000,9.17,,898.7,METAGENOMIC,,DBB_AAOVOSDA_1_HW7YYDSX7.UDI249,,,,,Prod_ILL_BqADN_NEBUII_151_v4
EMOBON_HCMR-1_Wa_54,EMOBON_HCMR-1_Wa_220505_0.2um_2,DBB_AAOW,EMOBON00494,,metag,,paired,metag,metag,metag,metag,,,,basic Genoscope QC,Illumina NovaSeq 6000,5.68,,556.6,METAGENOMIC,,DBB_AAOWOSDA_1_HW7YYDSX7.UDI261,,,,,Prod_ILL_BqADN_NEBUII_151_v4
EMOBON_HCMR-1_Wa_57,EMOBON_HCMR-1_Wa_220505_3um_blank,,EMOBON00495,,metag,,paired,metag,metag,metag,metag,,,,basic Genoscope QC,Illumina NovaSeq 6000,88,,8,METAGENOMIC,,,,,,,Prod_ILL_BqADN_NEBUII_151_v4
EMOBON_HCMR-1_Wa_59,EMOBON_HCMR-1_Wa_220505_0.2um_blank,,EMOBON00496,,metag,,paired,metag,metag,metag,metag,,,,basic Genoscope QC,Illumina NovaSeq 6000,87,,7.8,METAGENOMIC,,,,,,,Prod_ILL_BqADN_NEBUII_151_v4
EMOBON_HCMR-1_Wa_61,EMOBON_HCMR-1_Wa_220623_3um_1,DBB_AAOX,EMOBON00497,,metag,,paired,metag,metag,metag,metag,,,,basic Genoscope QC,Illumina NovaSeq 6000,2.45,,240.1,METAGENOMIC,,DBB_AAOXOSDA_3_HW7YYDSX7.UDI115,,,,,Prod_ILL_BqADN_NEBUII_151_v4
EMOBON_HCMR-1_Wa_62,EMOBON_HCMR-1_Wa_220623_3um_2,DBB_AAOY,EMOBON00498,,metag,,paired,metag,metag,metag,metag,,,,basic Genoscope QC,Illumina NovaSeq 6000,3.07,,300.9,METAGENOMIC,,DBB_AAOYOSDA_3_HW7YYDSX7.UDI127,,,,,Prod_ILL_BqADN_NEBUII_151_v4
EMOBON_HCMR-1_Wa_65,EMOBON_HCMR-1_Wa_220623_0.2um_1,DBB_AAOZ,EMOBON00499,,metag,,paired,metag,metag,metag,metag,,,,basic Genoscope QC,Illumina NovaSeq 6000,19.55,,1915.9,METAGENOMIC,,DBB_AAOZOSDA_1_HW7YYDSX7.UDI273,,,,,Prod_ILL_BqADN_NEBUII_151_v4
EMOBON_HCMR-1_Wa_66,EMOBON_HCMR-1_Wa_2206230.2um_2,DBB_AAPA,EMOBON00500,,metag,,paired,metag,metag,metag,metag,,,,basic Genoscope QC,Illumina NovaSeq 6000,24.7,,2420.6,METAGENOMIC,,DBB_AAPAOSDA_1_HW7YYDSX7.UDI285,,,,,Prod_ILL_BqADN_NEBUII_151_v4
EMOBON_HCMR-1_Wa_69,EMOBON_HCMR-1_Wa_220623_3um_blank,,EMOBON00501,,metag,,paired,metag,metag,metag,metag,,,,basic Genoscope QC,Illumina NovaSeq 6000,89,,8,METAGENOMIC,,,,,,,Prod_ILL_BqADN_NEBUII_151_v4
EMOBON_HCMR-1_Wa_71,EMOBON_HCMR-1_Wa_220623_0.2um_blank,,EMOBON00502,,metag,,paired,metag,metag,metag,metag,,,,basic Genoscope QC,Illumina NovaSeq 6000,89,,8.1,METAGENOMIC,,,,,,,Prod_ILL_BqADN_NEBUII_151_v4
EMOBON_HCMR-1_Wa_73,EMOBON_HCMR-1_Wa_220915_3um_1,DBB_AAPB,EMOBON00503,,metag,,paired,metag,metag,metag,metag,,,,basic Genoscope QC,Illumina NovaSeq 6000,1.035,,101.4,METAGENOMIC,,DBB_AAPBOSDA_1_H5YH5DSXC.UDI358,,,,,Prod_ILL_BqADN_NEBUII_151_v4
EMOBON_HCMR-1_Wa_74,EMOBON_HCMR-1_Wa_220915_3um_2,DBB_AAPC,EMOBON00504,,metag,,paired,metag,metag,metag,metag,,,,basic Genoscope QC,Illumina NovaSeq 6000,1.06,,103.9,METAGENOMIC,,DBB_AAPCOSDA_1_H5YH5DSXC.UDI359,,,,,Prod_ILL_BqADN_NEBUII_151_v4
EMOBON_HCMR-1_Wa_77,EMOBON_HCMR-1_Wa_220915_0.2um_1,DBB_AAPD,EMOBON00505,,metag,,paired,metag,metag,metag,metag,,,,basic Genoscope QC,Illumina NovaSeq 6000,8.31,,814.4,METAGENOMIC,,DBB_AAPDOSDA_1_HW7YYDSX7.UDI202,,,,,Prod_ILL_BqADN_NEBUII_151_v4
EMOBON_HCMR-1_Wa_78,EMOBON_HCMR-1_Wa_220915_0.2um_2,DBB_AAPE,EMOBON00506,,metag,,paired,metag,metag,metag,metag,,,,basic Genoscope QC,Illumina NovaSeq 6000,9.53,,933.9,METAGENOMIC,,DBB_AAPEOSDA_1_HW7YYDSX7.UDI214,,,,,Prod_ILL_BqADN_NEBUII_151_v4
EMOBON_HCMR-1_Wa_85,EMOBON_HCMR-1_Wa_221027_3um_1,DBB_AAPF,EMOBON00507,,metag,,paired,metag,metag,metag,metag,,,,basic Genoscope QC,Illumina NovaSeq 6000,1.395,,136.7,METAGENOMIC,,DBB_AAPFOSDA_1_H5YH5DSXC.UDI364,,,,,Prod_ILL_BqADN_NEBUII_151_v4
EMOBON_HCMR-1_Wa_86,EMOBON_HCMR-1_Wa_221027_3um_2,DBB_AAPG,EMOBON00508,,metag,,paired,metag,metag,metag,metag,,,,basic Genoscope QC,Illumina NovaSeq 6000,2.38,,233.2,METAGENOMIC,,DBB_AAPGOSDA_3_HW7YYDSX7.UDI139,,,,,Prod_ILL_BqADN_NEBUII_151_v4
EMOBON_HCMR-1_Wa_89,EMOBON_HCMR-1_Wa_221027_0.2um_1,DBB_AAPH,EMOBON00509,,metag,,paired,metag,metag,metag,metag,,,,basic Genoscope QC,Illumina NovaSeq 6000,8.48,,831,METAGENOMIC,,DBB_AAPHOSDA_1_HW7YYDSX7.UDI226,,,,,Prod_ILL_BqADN_NEBUII_151_v4
EMOBON_HCMR-1_Wa_90,EMOBON_HCMR-1_Wa_221027_0.2um_2,DBB_AAPI,EMOBON00510,,metag,,paired,metag,metag,metag,metag,,,,basic Genoscope QC,Illumina NovaSeq 6000,10.35,,1014.3,METAGENOMIC,,DBB_AAPIOSDA_1_HW7YYDSX7.UDI238,,,,,Prod_ILL_BqADN_NEBUII_151_v4
EMOBON_Bergen_Wa_1,EMOBON_Bergen_Wa_220426_3uM_1,DBB_AAPJ,EMOBON00511,,metag,,paired,metag,metag,metag,metag,,,,basic Genoscope QC,Illumina NovaSeq 6000,1.31,,128.4,METAGENOMIC,,DBB_AAPJOSDA_1_H5YH5DSXC.UDI365,,,,,Prod_ILL_BqADN_NEBUII_151_v4
EMOBON_Bergen_Wa_2,EMOBON_Bergen_Wa_220426_3uM_2,DBB_AAPK,EMOBON00512,,metag,,paired,metag,metag,metag,metag,,,,basic Genoscope QC,Illumina NovaSeq 6000,0.76,,74.5,METAGENOMIC,,DBB_AAPKOSDA_1_H5YH5DSXC.UDI318,,,,,Prod_ILL_BqADN_NEBUII_151_v4
EMOBON_Bergen_Wa_3,EMOBON_Bergen_Wa_220426_0.2uM_1,DBB_AAPL,EMOBON00513,,metag,,paired,metag,metag,metag,metag,,,,basic Genoscope QC,Illumina NovaSeq 6000,27.4,,2685.2,METAGENOMIC,,DBB_AAPLOSDA_1_HW7YYDSX7.UDI250,,,,,Prod_ILL_BqADN_NEBUII_151_v4
EMOBON_Bergen_Wa_4,EMOBON_Bergen_Wa_220426_0.2uM_2,DBB_AAPM,EMOBON00514,,metag,,paired,metag,metag,metag,metag,,,,basic Genoscope QC,Illumina NovaSeq 6000,23,,2254,METAGENOMIC,,DBB_AAPMOSDA_1_HW7YYDSX7.UDI262,,,,,Prod_ILL_BqADN_NEBUII_151_v4
EMOBON_Bergen_Wa_11,EMOBON_Bergen_Wa_220630_3uM_1,DBB_AAPN,EMOBON00515,,metag,,paired,metag,metag,metag,metag,,,,basic Genoscope QC,Illumina NovaSeq 6000,4.57,,447.9,METAGENOMIC,,DBB_AAPNOSDA_3_HW7YYDSX7.UDI151,,,,,Prod_ILL_BqADN_NEBUII_151_v4
EMOBON_Bergen_Wa_12,EMOBON_Bergen_Wa_220630_3uM_2,DBB_AAPO,EMOBON00516,,metag,,paired,metag,metag,metag,metag,,,,basic Genoscope QC,Illumina NovaSeq 6000,4.55,,445.9,METAGENOMIC,,DBB_AAPOOSDA_3_HW7YYDSX7.UDI163,,,,,Prod_ILL_BqADN_NEBUII_151_v4
EMOBON_Bergen_Wa_13,EMOBON_Bergen_Wa_220630_0.2uM_1,DBB_AAPP,EMOBON00517,,metag,,paired,metag,metag,metag,metag,,,,basic Genoscope QC,Illumina NovaSeq 6000,25.8,,2528.4,METAGENOMIC,,DBB_AAPPOSDA_1_HW7YYDSX7.UDI274,,,,,Prod_ILL_BqADN_NEBUII_151_v4
EMOBON_Bergen_Wa_14,EMOBON_Bergen_Wa_220630_0.2uM_2,DBB_AAPQ,EMOBON00518,,metag,,paired,metag,metag,metag,metag,,,,basic Genoscope QC,Illumina NovaSeq 6000,25.2,,2469.6,METAGENOMIC,,DBB_AAPQOSDA_1_HW7YYDSX7.UDI286,,,,,Prod_ILL_BqADN_NEBUII_151_v4
EMOBON_Bergen_Wa_19,EMOBON_Bergen_Wa_220630_3uM_blank,,EMOBON00519,,metag,,paired,metag,metag,metag,metag,,,,basic Genoscope QC,Illumina NovaSeq 6000,97,,8.7,METAGENOMIC,,,,,,,Prod_ILL_BqADN_NEBUII_151_v4
EMOBON_Bergen_Wa_20,EMOBON_Bergen_Wa_220630_0.2uM_blank,,EMOBON00520,,metag,,paired,metag,metag,metag,metag,,,,basic Genoscope QC,Illumina NovaSeq 6000,104,,9.3,METAGENOMIC,,,,,,,Prod_ILL_BqADN_NEBUII_151_v4
EMOBON_Bergen_Wa_21,EMOBON_Bergen_Wa_220831_3uM_1,DBB_AAPR,EMOBON00521,,metag,,paired,metag,metag,metag,metag,,,,basic Genoscope QC,Illumina NovaSeq 6000,5.92,,580.2,METAGENOMIC,,DBB_AAPROSDA_3_HW7YYDSX7.UDI175,,,,,Prod_ILL_BqADN_NEBUII_151_v4
EMOBON_Bergen_Wa_22,EMOBON_Bergen_Wa_220831_3uM_2,DBB_AAPS,EMOBON00522,,metag,,paired,metag,metag,metag,metag,,,,basic Genoscope QC,Illumina NovaSeq 6000,5.8,,568.4,METAGENOMIC,,DBB_AAPSOSDA_3_HW7YYDSX7.UDI187,,,,,Prod_ILL_BqADN_NEBUII_151_v4
EMOBON_Bergen_Wa_23,EMOBON_Bergen_Wa_220831_0.2uM_1,DBB_AAPT,EMOBON00523,,metag,,paired,metag,metag,metag,metag,,,,basic Genoscope QC,Illumina NovaSeq 6000,29.85,,2925.3,METAGENOMIC,,DBB_AAPTOSDA_1_HW7YYDSX7.UDI203,,,,,Prod_ILL_BqADN_NEBUII_151_v4
EMOBON_Bergen_Wa_24,EMOBON_Bergen_Wa_220831_0.2uM_2,DBB_AAPU,EMOBON00524,,metag,,paired,metag,metag,metag,metag,,,,basic Genoscope QC,Illumina NovaSeq 6000,23.3,,2283.4,METAGENOMIC,,DBB_AAPUOSDA_1_HW7YYDSX7.UDI215,,,,,Prod_ILL_BqADN_NEBUII_151_v4
EMOBON_UMF_Wa_1,EMOBON_UMF_Wa_220830_3um_1,DBB_AAPV,EMOBON00525,,metag,,paired,metag,metag,metag,metag,,,,basic Genoscope QC,Illumina NovaSeq 6000,9.38,,919.2,METAGENOMIC,,DBB_AAPVOSDA_3_HW7YYDSX7.UDI104,,,,,Prod_ILL_BqADN_NEBUII_151_v4
EMOBON_UMF_Wa_2,EMOBON_UMF_Wa_220830_3um_2,DBB_AAPW,EMOBON00526,,metag,,paired,metag,metag,metag,metag,,,,basic Genoscope QC,Illumina NovaSeq 6000,6.76,,662.5,METAGENOMIC,,DBB_AAPWOSDA_3_HW7YYDSX7.UDI116,,,,,Prod_ILL_BqADN_NEBUII_151_v4
EMOBON_UMF_Wa_5,EMOBON_UMF_Wa_220830_0.2um_1,DBB_AAPX,EMOBON00527,,metag,,paired,metag,metag,metag,metag,,,,basic Genoscope QC,Illumina NovaSeq 6000,65.5,,6353.5,METAGENOMIC,,DBB_AAPXOSDA_4_H5YGKDSXC.UDI227,,,,,Prod_ILL_BqADN_NEBUII_151_v4
EMOBON_UMF_Wa_6,EMOBON_UMF_Wa_220830_0.2um_2,DBB_AAPY,EMOBON00528,,metag,,paired,metag,metag,metag,metag,,,,basic Genoscope QC,Illumina NovaSeq 6000,44.75,,4385.5,METAGENOMIC,,DBB_AAPYOSDA_4_H5YGKDSXC.UDI239,,,,,Prod_ILL_BqADN_NEBUII_151_v4
EMOBON_UMF_Wa_16,EMOBON_UMF_Wa_220830_0.2um_1L,DBB_AAPZ,EMOBON00529,,metag,,paired,metag,metag,metag,metag,,,,basic Genoscope QC,Illumina NovaSeq 6000,12.3,,1205.4,METAGENOMIC,,DBB_AAPZOSDA_4_H5YGKDSXC.UDI251,,,,,Prod_ILL_BqADN_NEBUII_151_v4
EMOBON_UMF_Wa_17,EMOBON_UMF_Wa_220830_0.2um_2L,DBB_AAQA,EMOBON00530,,metag,,paired,metag,metag,metag,metag,,,,basic Genoscope QC,Illumina NovaSeq 6000,25.2,,2469.6,METAGENOMIC,,DBB_AAQAOSDA_4_H5YGKDSXC.UDI263,,,,,Prod_ILL_BqADN_NEBUII_151_v4
EMOBON_UMF_Wa_18,EMOBON_UMF_Wa_220830_0.2um_3L,DBB_AAQB,EMOBON00531,,metag,,paired,metag,metag,metag,metag,,,,basic Genoscope QC,Illumina NovaSeq 6000,34.35,,3366.3,METAGENOMIC,,DBB_AAQBOSDA_4_H5YGKDSXC.UDI275,,,,,Prod_ILL_BqADN_NEBUII_151_v4
EMOBON_UMF_Wa_19,EMOBON_UMF_Wa_220830_0.2um_4L,DBB_AAQC,EMOBON00532,,metag,,paired,metag,metag,metag,metag,,,,basic Genoscope QC,Illumina NovaSeq 6000,46.15,,4522.7,METAGENOMIC,,DBB_AAQCOSDA_4_H5YGKDSXC.UDI287,,,,,Prod_ILL_BqADN_NEBUII_151_v4
EMOBON_IUIEilat_Wa_31,EMOBON_IUIEilat_Wa_220223_0.2um_1,DBB_AAQD,EMOBON00533,,metag,,paired,metag,metag,metag,metag,,,,basic Genoscope QC,Illumina NovaSeq 6000,22.7,,2224.6,METAGENOMIC,,DBB_AAQDOSDA_4_H5YGKDSXC.UDI204,,,,,Prod_ILL_BqADN_NEBUII_151_v4
EMOBON_IUIEilat_Wa_32,EMOBON_IUIEilat_Wa_220223_0.2um_2,DBB_AAQE,EMOBON00534,,metag,,paired,metag,metag,metag,metag,,,,basic Genoscope QC,Illumina NovaSeq 6000,20.7,,2028.6,METAGENOMIC,,DBB_AAQEOSDA_4_H5YGKDSXC.UDI216,,,,,Prod_ILL_BqADN_NEBUII_151_v4
EMOBON_IUIEilat_Wa_35,EMOBON_IUIEilat_Wa_220223_3.0um_1,DBB_AAQF,EMOBON00535,,metag,,paired,metag,metag,metag,metag,,,,basic Genoscope QC,Illumina NovaSeq 6000,1.62,,158.8,METAGENOMIC,,DBB_AAQFOSDA_1_H5YH5DSXC.UDI366,,,,,Prod_ILL_BqADN_NEBUII_151_v4
EMOBON_IUIEilat_Wa_36,EMOBON_IUIEilat_Wa_220223_3.0um_2,DBB_AAQG,EMOBON00536,,metag,,paired,metag,metag,metag,metag,,,,basic Genoscope QC,Illumina NovaSeq 6000,3.36,,329.3,METAGENOMIC,,DBB_AAQGOSDA_3_HW7YYDSX7.UDI128,,,,,Prod_ILL_BqADN_NEBUII_151_v4
EMOBON_IUIEilat_Wa_41,EMOBON_IUIEilat_Wa_220508_0.2um_1,DBB_AAQH,EMOBON00537,,metag,,paired,metag,metag,metag,metag,,,,basic Genoscope QC,Illumina NovaSeq 6000,33.35,,3268.3,METAGENOMIC,,DBB_AAQHOSDA_4_H5YGKDSXC.UDI228,,,,,Prod_ILL_BqADN_NEBUII_151_v4
EMOBON_IUIEilat_Wa_42,EMOBON_IUIEilat_Wa_220508_0.2um_2,DBB_AAQI,EMOBON00538,,metag,,paired,metag,metag,metag,metag,,,,basic Genoscope QC,Illumina NovaSeq 6000,28.2,,2763.6,METAGENOMIC,,DBB_AAQIOSDA_4_H5YGKDSXC.UDI240,,,,,Prod_ILL_BqADN_NEBUII_151_v4
EMOBON_IUIEilat_Wa_45,EMOBON_IUIEilat_Wa_220508_3.0um_1,DBB_AAQJ,EMOBON00539,,metag,,paired,metag,metag,metag,metag,,,,basic Genoscope QC,Illumina NovaSeq 6000,4.07,,398.9,METAGENOMIC,,DBB_AAQJOSDA_3_HW7YYDSX7.UDI140,,,,,Prod_ILL_BqADN_NEBUII_151_v4
EMOBON_IUIEilat_Wa_46,EMOBON_IUIEilat_Wa_220508_3.0um_2,DBB_AAQK,EMOBON00540,,metag,,paired,metag,metag,metag,metag,,,,basic Genoscope QC,Illumina NovaSeq 6000,5.33,,522.3,METAGENOMIC,,DBB_AAQKOSDA_3_HW7YYDSX7.UDI152,,,,,Prod_ILL_BqADN_NEBUII_151_v4
EMOBON_IUIEilat_Wa_51,EMOBON_IUIEilat_Wa_220705_0.2um_1,DBB_AAQL,EMOBON00541,,metag,,paired,metag,metag,metag,metag,,,,basic Genoscope QC,Illumina NovaSeq 6000,24.5,,2401,METAGENOMIC,,DBB_AAQLOSDA_4_H5YGKDSXC.UDI252,,,,,Prod_ILL_BqADN_NEBUII_151_v4
EMOBON_IUIEilat_Wa_52,EMOBON_IUIEilat_Wa_220705_0.2um_2,DBB_AAQM,EMOBON00542,,metag,,paired,metag,metag,metag,metag,,,,basic Genoscope QC,Illumina NovaSeq 6000,11.6,,1194.8,METAGENOMIC,,DBB_AAQMOSDA_4_H5YGKDSXC.UDI264,,,,,Prod_ILL_BqADN_NEBUII_151_v4
EMOBON_IUIEilat_Wa_55,EMOBON_IUIEilat_Wa_220705_3.0um_1,DBB_AAQN,EMOBON00543,,metag,,paired,metag,metag,metag,metag,,,,basic Genoscope QC,Illumina NovaSeq 6000,1.885,,194.2,METAGENOMIC,,DBB_AAQNOSDA_1_H5YH5DSXC.UDI367,,,,,Prod_ILL_BqADN_NEBUII_151_v4
EMOBON_IUIEilat_Wa_56,EMOBON_IUIEilat_Wa_220705_3.0um_2,DBB_AAQO,EMOBON00544,,metag,,paired,metag,metag,metag,metag,,,,basic Genoscope QC,Illumina NovaSeq 6000,2.21,,227.6,METAGENOMIC,,DBB_AAQOOSDA_3_HW7YYDSX7.UDI164,,,,,Prod_ILL_BqADN_NEBUII_151_v4
EMOBON_ROSKOGO_So_6,EMOBON_ROSKOGO_So_210923_macro_1,,EMOBON00545,,,,,,,,,,,,,,,,,,,,,,,,
,EMOBON_MarBIo_S1_220607_220907_MF100,DBQ_AAAA,EMOBON00546,Quick-DNA Fecal/soil,,2263795,paired,18S rRNA,V1-V2,,,,,,basic Genoscope QC,Illumina NovaSeq 6000,47.6,,2046.8,,,DBQ_AAAAOSTA_1_HGVH5DRX3.UDI364-BID16,,,,,Prod_ILL_BqADN_LowCost_148_v5
,EMOBON_MarBIo_S1_220607_220907_MF100,DBQ_AAAB,EMOBON00546,Quick-DNA Fecal/soil,,3161289,paired,COI,,,,,,,basic Genoscope QC,Illumina NovaSeq 6000,47.6,,2046.8,,,DBQ_AAABOSTA_1_HKYCCDRX3.UDI366-BID16,,,,,Prod_ILL_BqADN_LowCost_148_v5
EMOBON_BPNS_So_51,EMOBON_BPNS_So_220420_macro_1,,EMOBON00547,,,,,,,,,,,,,,,,,,,,,,,,
EMOBON_BPNS_So_1,EMOBON_BPNS_So_210701_meio_1,,EMOBON00548,,,,,,,,,,,,,,,,,,,,,,,,
EMOBON_BPNS_So_2,EMOBON_BPNS_So_210701_meio_2,,EMOBON00549,,,,,,,,,,,,,,,,,,,,,,,,
EMOBON_BPNS_So_28,EMOBON_BPNS_So_211028_meio_1,,EMOBON00550,,,,,,,,,,,,,,,,,,,,,,,,
EMOBON_BPNS_So_29,EMOBON_BPNS_So_211028_meio_2,,EMOBON00551,,,,,,,,,,,,,,,,,,,,,,,,
EMOBON_BPNS_So_32,EMOBON_BPNS_So_211028_meio_blank,,EMOBON00552,,,,,,,,,,,,,,,,,,,,,,,,
EMOBON_OOB_So_5,EMOBON_OOB_So_210608_meio_1,,EMOBON00553,,,,,,,,,,,,,,,,,,,,,,,,
EMOBON_OOB_So_6,EMOBON_OOB_So_210608_meio_2,,EMOBON00554,,,,,,,,,,,,,,,,,,,,,,,,
EMOBON_OOB_So_17,EMOBON_OOB_So_211012_meio_1,,EMOBON00555,,,,,,,,,,,,,,,,,,,,,,,,
EMOBON_OOB_So_18,EMOBON_OOB_So_211012_meio_2,,EMOBON00556,,,,,,,,,,,,,,,,,,,,,,,,
EMOBON_OOB_So_39,EMOBON_OOB_So_220425_meio_1,,EMOBON00557,,,,,,,,,,,,,,,,,,,,,,,,
EMOBON_OOB_So_40,EMOBON_OOB_So_220425_meio_2,,EMOBON00558,,,,,,,,,,,,,,,,,,,,,,,,
EMOBON_OOB_So_52,EMOBON_OOB_So_220628_meio_1,,EMOBON00559,,,,,,,,,,,,,,,,,,,,,,,,
EMOBON_OOB_So_53,EMOBON_OOB_So_220628_meio_2,,EMOBON00560,,,,,,,,,,,,,,,,,,,,,,,,
